UNIVERSO,NIVEL_1,NIVEL_2,PARES_LOJA_PRODUTO,SKUS_DISTINTOS,LOJAS_DISTINTAS,RECEITA_HISTORICA_TOTAL,RECEITA_RUPTURA_CRITICO,RECEITA_EM_RUPTURA,RECEITA_CRITICO,PARES_RUPTURA_CRITICO,PARES_COM_RECEITA_HISTORICA,PARES_SEM_RECEITA_HISTORICA,PARES_DIAS_COBERTURA_FINITO,PARES_DIAS_COBERTURA_INFINITO,DIAS_COBERTURA_MEDIA_FINITA,DIAS_COBERTURA_MEDIANA_FINITA,DIAS_COBERTURA_P25_FINITA,DIAS_COBERTURA_P75_FINITA,ESTOQUE_PROJ_TOTAL,ESTOQUE_PROJ_MEDIANA,VENDA_MEDIA_MES_TOTAL,PARES_EM_RUPTURA,PARES_CRITICO,PARES_ATENCAO,PARES_SAUDAVEL,PARES_STATUS_SEM_VENDA,PCT_PARES_RUPTURA_CRITICO,PCT_PARES_EM_RUPTURA,PCT_PARES_CRITICO,PCT_PARES_DIAS_INFINITO,PCT_PARES_SEM_RECEITA_HISTORICA,PART_RECEITA_RISCO_PCT,PART_RECEITA_UNIVERSO_PCT,PART_RECEITA_RISCO_UNIVERSO_PCT,RECEITA_ETAPA3,TRANSACOES_ETAPA3_LINHAS_VENDA,SKUS_ATIVOS_ETAPA3,PART_RECEITA_ETAPA3_PCT,VAR_RECEITA_2025_VS_2024_ETAPA3_PCT,DIF_RECEITA_VS_ETAPA3,RANK_REPOSICAO
REDE_COMPLETA,D - ELETROS,DA - AR E VENTILACAO,1322,123,11,119617421.659254,116075683.053858,115263105.766040,812577.287818,1234,950,372,1261,61,108.458913,0.000000,0.000000,0.000000,-106588.000000,-4.000000,7069.903616,1226,8,9,18,61,93.343419,92.738275,0.605144,4.614221,28.139183,97.039111,24.790366,24.056351,119617421.659254,32495,123,24.790366,-72.255115,0.000000,1
REDE_COMPLETA,C - PISOS E REVESTIMENTOS,CA - CERAMICOS E PORCELANATOS,3221,315,11,54087458.166994,53080465.189311,52629259.391331,451205.797980,3123,2119,1102,3197,24,11.255135,0.000000,0.000000,0.000000,-667069.910000,-39.600000,90385.465789,3073,50,18,56,24,96.957467,95.405154,1.552313,0.745110,34.212977,98.138214,11.209470,11.000774,54087458.166994,43299,315,11.209470,-52.210326,0.000000,2
REDE_COMPLETA,R - ELETRONICOS,RA - IMAGEM,230,23,11,47348811.333185,47023749.403685,46980261.564185,43487.839500,224,210,20,225,5,0.302222,0.000000,0.000000,0.000000,-16765.000000,-4.000000,1039.308628,223,1,1,0,5,97.391304,96.956522,0.434783,2.173913,8.695652,99.313474,9.812905,9.745537,47348811.333185,7355,23,9.812905,-9.953142,0.000000,3
REDE_COMPLETA,D - ELETROS,DB - REFRIGERACAO,499,46,11,31059804.716277,30012480.246214,29758699.026214,253781.220000,481,283,216,489,10,6.582958,0.000000,0.000000,0.000000,-7974.000000,-1.000000,674.833496,477,4,3,5,10,96.392786,95.591182,0.801603,2.004008,43.286573,96.628039,6.437055,6.220000,31059804.716277,5613,46,6.437055,-23.302337,-0.000000,4
REDE_COMPLETA,D - ELETROS,DD - LAVADORAS E SECADORES,297,27,11,25598971.154247,25194072.663747,24929012.805747,265059.858000,285,169,128,288,9,21.912447,0.000000,0.000000,0.000000,-6692.000000,0.000000,472.263487,282,3,0,3,9,95.959596,94.949495,1.010101,3.030303,43.097643,98.418302,5.305313,5.221399,25598971.154247,4037,27,5.305313,-49.973737,0.000000,5
REDE_COMPLETA,D - ELETROS,DC - ELETRODOMESTICOS PARA COZINHA,524,50,11,15879781.442395,14206975.286395,13849040.051395,357935.235000,494,402,122,508,16,16.041524,0.000000,0.000000,0.000000,-7540.000000,-3.000000,931.951693,483,11,5,9,16,94.274809,92.175573,2.099237,3.053435,23.282443,89.465811,3.291039,2.944355,15879781.442395,8814,50,3.291039,-70.087207,-0.000000,6
REDE_COMPLETA,I - ILUMINACAO,IB - RESIDENCIAL,1411,134,11,13389149.430750,12063596.010750,11812304.885000,251291.125750,1250,1107,304,1341,70,17.048451,0.000000,0.000000,0.000000,-76765.000000,-10.000000,9773.101638,1222,28,28,63,70,88.589653,86.605245,1.984408,4.961021,21.545004,90.099794,2.774863,2.500146,13389149.430750,47907,134,2.774863,-60.067944,0.000000,7
REDE_COMPLETA,"K - CAMA, MESA E BANHO",KC - BANHO,2161,215,11,11721404.833806,11541888.518331,11414048.228831,127840.289500,2116,1884,277,2159,2,3.942755,0.000000,0.000000,0.000000,-196840.000000,-48.000000,21245.341924,2085,31,12,31,2,97.917631,96.483110,1.434521,0.092550,12.818140,98.468474,2.429227,2.392023,11721404.833806,121475,215,2.429227,-58.469663,0.000000,8
REDE_COMPLETA,S - TINTAS E QUIMICOS,SB - MASSAS E TEXTURAS,66,6,11,9961646.793793,9961577.598793,9959773.383793,1804.215000,65,41,25,66,0,1.969697,0.000000,0.000000,0.000000,-120928.000000,-0.500000,6222.654433,63,2,1,0,0,98.484848,95.454545,3.030303,0.000000,37.878788,99.999305,2.064523,2.064508,9961646.793793,5757,6,2.064523,-1.796371,0.000000,9
REDE_COMPLETA,"K - CAMA, MESA E BANHO",KA - CAMA,1254,123,11,10880317.267031,9627052.880491,9569571.750491,57481.130000,1165,1061,193,1242,12,15.004625,0.000000,0.000000,0.000000,-63012.000000,-16.000000,12648.054494,1147,18,25,52,12,92.902711,91.467305,1.435407,0.956938,15.390750,88.481362,2.254914,1.995179,10880317.267031,51469,123,2.254914,-72.501922,0.000000,10
REDE_COMPLETA,O - MOVEIS,OA - SALA DE ESTAR E JANTAR,684,66,11,9888912.104750,9037245.145250,8882141.665250,155103.480000,632,619,65,663,21,16.224082,0.000000,0.000000,0.000000,-11960.000000,-3.000000,1975.323178,613,19,10,21,21,92.397661,89.619883,2.777778,3.070175,9.502924,91.387658,2.049449,1.872943,9888912.104750,13144,66,2.049449,-67.516465,0.000000,11
REDE_COMPLETA,S - TINTAS E QUIMICOS,SA - TINTAS,471,43,11,7359856.495425,7278881.282925,7201686.710925,77194.572000,462,383,88,470,1,6.405579,0.000000,0.000000,0.000000,-38446.000000,-17.000000,3440.458108,452,10,5,3,1,98.089172,95.966030,2.123142,0.212314,18.683652,98.899772,1.525309,1.508527,7359856.495425,26129,43,1.525309,-61.305088,0.000000,12
REDE_COMPLETA,U - METAIS E ACESSORIOS,UC - ACESSORIOS PARA BANHEIRO,785,74,11,7191060.723880,6975423.118074,6908214.813328,67208.304746,759,638,147,780,5,8.708894,0.000000,0.000000,0.000000,-116970.000000,-37.000000,10296.483612,748,11,8,13,5,96.687898,95.286624,1.401274,0.636943,18.726115,97.001310,1.490327,1.445636,7191060.723880,54058,74,1.490327,-39.329331,0.000000,13
REDE_COMPLETA,U - METAIS E ACESSORIOS,UA - DUCHAS E CHUVEIROS,385,35,11,7104438.588284,6748407.123457,6435443.018957,312964.104500,359,243,142,374,11,8.983751,0.000000,0.000000,0.000000,-26202.000000,-1.000000,4034.593916,350,9,8,7,11,93.246753,90.909091,2.337662,2.857143,36.883117,94.988605,1.472374,1.398588,7104438.588284,19042,34,1.472374,-84.402265,0.000000,14
REDE_COMPLETA,B - UTILIDADES DOMESTICAS,BA - COZINHAR,600,57,11,6684006.389472,6416209.732139,6324404.452139,91805.280000,568,468,132,600,0,15.699019,0.000000,0.000000,0.000000,-35870.000000,-17.000000,4182.174386,561,7,10,22,0,94.666667,93.500000,1.166667,0.000000,22.000000,95.993471,1.385241,1.329741,6684006.389472,25550,57,1.385241,-10.390846,-0.000000,15
REDE_COMPLETA,O - MOVEIS,OC - QUARTO,579,55,11,6546440.420933,6318084.184433,6290372.689433,27711.495000,536,438,141,568,11,37.757457,0.000000,0.000000,0.000000,-15330.000000,-5.000000,1747.864663,525,11,10,22,11,92.573402,90.673575,1.899827,1.899827,24.352332,96.511750,1.356731,1.309405,6546440.420933,17687,55,1.356731,-69.454641,0.000000,16
REDE_COMPLETA,F - FERRAMENTAS,"FA - GOLPE, PERFURACAO E FIXACAO ELETRICA",96,9,11,5439373.110500,5413656.405500,5412072.795500,1583.610000,92,64,32,95,1,9.804155,0.000000,0.000000,0.000000,-6873.000000,-11.000000,516.431182,91,1,1,2,1,95.833333,94.791667,1.041667,1.041667,33.333333,99.527212,1.127294,1.121965,5439373.110500,4863,9,1.127294,-4.308994,0.000000,17
REDE_COMPLETA,I - ILUMINACAO,IA - LAMPADAS,366,34,11,6312179.198802,5298360.513526,5258913.207026,39447.306500,319,276,90,347,19,69.428239,0.000000,0.000000,0.000000,-114814.000000,-63.000000,13427.178353,317,2,3,25,19,87.158470,86.612022,0.546448,5.191257,24.590164,83.938690,1.308181,1.098070,6312179.198802,51104,34,1.308181,-8.278467,0.000000,18
REDE_COMPLETA,U - METAIS E ACESSORIOS,"UB - TORNEIRAS, BICAS E MISTURADORES",253,23,11,5397893.774177,5289448.805027,5279872.101527,9576.703500,232,175,78,244,9,7.302400,0.000000,0.000000,0.000000,-30811.000000,-3.000000,3503.484618,227,5,7,5,9,91.699605,89.723320,1.976285,3.557312,30.830040,97.990976,1.118698,1.096223,5397893.774177,11636,22,1.118698,-8.329816,0.000000,19
REDE_COMPLETA,V - DECORACAO,VF - CORTINAS,611,60,11,5211270.258568,5192700.378568,5182150.083568,10550.295000,597,528,83,605,6,10.172384,0.000000,0.000000,0.000000,-32595.000000,-22.000000,3143.854666,594,3,4,4,6,97.708674,97.217676,0.490998,0.981997,13.584288,99.643659,1.080021,1.076172,5211270.258568,20534,60,1.080021,-54.618474,0.000000,20
REDE_COMPLETA,"G - PORTAS, JANELAS E FECHADURAS",GC - FECHADURAS,218,20,11,4819903.167750,4688400.537750,4678669.662750,9730.875000,193,167,51,213,5,19.659525,0.000000,0.000000,0.000000,-18016.000000,-10.000000,1980.290588,190,3,6,14,5,88.532110,87.155963,1.376147,2.293578,23.394495,97.271675,0.998911,0.971658,4819903.167750,11700,20,0.998911,-55.068638,0.000000,21
REDE_COMPLETA,B - UTILIDADES DOMESTICAS,BB - SERVIR - PRESENTES,2508,236,11,5794126.123399,4597387.426049,4292631.219549,304756.206500,2174,1735,773,2468,40,47.634949,0.000000,0.000000,0.000000,-122809.000000,0.000000,35906.075483,2054,120,54,240,40,86.682616,81.897927,4.784689,1.594896,30.821372,79.345657,1.200816,0.952795,5794126.123399,86554,236,1.200816,-66.671929,-0.000000,22
REDE_COMPLETA,D - ELETROS,DE - ELETROPORTATEIS PARA COZINHA,308,30,11,4676748.690465,4486915.932840,4413311.048340,73604.884500,282,166,142,292,16,22.454701,0.000000,0.000000,0.000000,-6301.000000,0.000000,1683.455405,280,2,2,8,16,91.558442,90.909091,0.649351,5.194805,46.103896,95.940925,0.969243,0.929900,4676748.690465,7454,30,0.969243,-83.272001,0.000000,23
REDE_COMPLETA,E - MATERIAIS ELETRICOS,EA - TOMADAS E INTERRUPTORES,473,43,11,4183192.302961,4162635.822961,4161245.727961,1390.095000,402,322,151,429,44,27.107736,0.000000,0.000000,0.000000,-498046.000000,-47.000000,30621.297554,398,4,5,22,44,84.989429,84.143763,0.845666,9.302326,31.923890,99.508593,0.866955,0.862694,4183192.302961,46278,43,0.866955,8.237572,-0.000000,24
REDE_COMPLETA,E - MATERIAIS ELETRICOS,ED - PROTECAO DE CIRCUITOS ELETRICOS,401,37,11,4121263.742732,4111319.717732,4109512.247732,1807.470000,364,319,82,373,28,3.979763,0.000000,0.000000,0.000000,-159896.000000,-37.000000,8707.754746,361,3,3,6,28,90.773067,90.024938,0.748130,6.982544,20.448878,99.758714,0.854120,0.852059,4121263.742732,46523,37,0.854120,-1.992644,0.000000,25
REDE_COMPLETA,I - ILUMINACAO,ID - JARDIM,229,21,11,4085497.519122,3975056.979122,3953703.234122,21353.745000,200,176,53,213,16,104.065835,0.000000,0.000000,0.000000,-54789.000000,-46.000000,5316.894799,195,5,3,10,16,87.336245,85.152838,2.183406,6.986900,23.144105,97.296766,0.846708,0.823819,4085497.519122,14730,21,0.846708,-24.233210,0.000000,26
REDE_COMPLETA,O - MOVEIS,OD - COZINHA E AREA DE SERVICO,508,48,11,3703443.096500,3390179.387000,3261740.951000,128438.436000,435,350,158,490,18,15.147901,0.000000,0.000000,0.000000,-3961.000000,0.000000,860.666374,411,24,28,27,18,85.629921,80.905512,4.724409,3.543307,31.102362,91.541285,0.767528,0.702605,3703443.096500,5925,48,0.767528,-64.847700,0.000000,27
REDE_COMPLETA,N - INDUSTRIAL E NEGOCIOS,NB - REFRIGERACAO E CONSERVACAO INDUSTRIAL,256,25,11,3182233.488000,3095436.802500,3075363.112500,20073.690000,237,174,82,240,16,1.656250,0.000000,0.000000,0.000000,-825.000000,-1.000000,214.842391,233,4,2,1,16,92.578125,91.015625,1.562500,6.250000,32.031250,97.272460,0.659509,0.641520,3182233.488000,988,25,0.659509,-30.001686,0.000000,28
REDE_COMPLETA,B - UTILIDADES DOMESTICAS,BD - ORGANIZAR,687,66,11,2972745.172875,2909790.679875,2908865.734875,924.945000,674,569,118,685,2,5.430031,0.000000,0.000000,0.000000,-87902.000000,-51.000000,6397.388180,672,2,2,9,2,98.107715,97.816594,0.291121,0.291121,17.176128,97.882278,0.616093,0.603046,2972745.172875,48549,66,0.616093,-55.989595,0.000000,29
REDE_COMPLETA,B - UTILIDADES DOMESTICAS,BJ - JOGOS E CONJUNTOS PARA SERVIR,388,37,11,3118150.890913,2794502.768913,2739507.128913,54995.640000,348,258,130,379,9,37.509100,0.000000,0.000000,0.000000,-11976.000000,-7.500000,2052.937715,338,10,2,29,9,89.690722,87.113402,2.577320,2.319588,33.505155,89.620511,0.646228,0.579153,3118150.890913,12408,37,0.646228,-83.569129,-0.000000,30
REDE_COMPLETA,W - LOUCAS E PIAS,WB - CUBAS E PIAS,550,50,11,2723950.323500,2687126.928500,2671904.658500,15222.270000,512,389,161,529,21,3.446714,0.000000,0.000000,0.000000,-5122.000000,-1.000000,752.728138,496,16,13,4,21,93.090909,90.181818,2.909091,3.818182,29.272727,98.648162,0.564531,0.556899,2723950.323500,5127,50,0.564531,-59.748272,0.000000,31
REDE_COMPLETA,M - MAQUINAS E MOTORES,MF - AGRICOLAS E JARDINAGEM,77,7,11,2426428.525500,2204675.991000,2183070.456000,21605.535000,70,60,17,76,1,14.926948,0.000000,0.000000,0.000000,-415.000000,-1.000000,158.844061,68,2,4,2,1,90.909091,88.311688,2.597403,1.298701,22.077922,90.860949,0.502870,0.456913,2426428.525500,1193,7,0.502870,-88.148414,0.000000,32
REDE_COMPLETA,W - LOUCAS E PIAS,WA - BACIAS E CAIXAS,374,34,11,1828423.037000,1730379.287000,1720823.027000,9556.260000,344,263,111,361,13,5.953761,0.000000,0.000000,0.000000,-4081.000000,-1.000000,601.004947,335,9,9,8,13,91.978610,89.572193,2.406417,3.475936,29.679144,94.637797,0.378935,0.358616,1828423.037000,4134,34,0.378935,-80.984252,0.000000,33
REDE_COMPLETA,F - FERRAMENTAS,FD - ACABAMENTO ELETRICO,66,6,11,1505274.844250,1431766.223750,1395486.623750,36279.600000,62,38,28,66,0,17.465928,0.000000,0.000000,0.000000,-3513.000000,0.000000,378.052602,61,1,1,3,0,93.939394,92.424242,1.515152,0.000000,42.424242,95.116598,0.311964,0.296729,1505274.844250,3074,6,0.311964,-78.142792,0.000000,34
REDE_COMPLETA,I - ILUMINACAO,IC - COMERCIAL,169,16,11,1351400.406471,1325083.206471,1322206.521471,2876.685000,150,127,42,156,13,6.750858,0.000000,0.000000,0.000000,-51433.000000,-27.000000,4589.035663,149,1,2,4,13,88.757396,88.165680,0.591716,7.692308,24.852071,98.052598,0.280074,0.274620,1351400.406471,6456,16,0.280074,-61.750778,-0.000000,35
REDE_COMPLETA,V - DECORACAO,VG - TAPETES,294,28,11,1303505.709773,1268282.504273,1246563.684773,21718.819500,284,241,53,294,0,11.018323,0.000000,0.000000,0.000000,-28387.000000,-20.500000,3109.609906,276,8,3,7,0,96.598639,93.877551,2.721088,0.000000,18.027211,97.297810,0.270148,0.262848,1303505.709773,14421,28,0.270148,-66.383761,0.000000,36
REDE_COMPLETA,O - MOVEIS,OE - BANHEIRO,88,8,11,1206241.039500,1206241.039500,1203718.414500,2522.625000,88,71,17,88,0,0.340909,0.000000,0.000000,0.000000,-1482.000000,-10.000000,142.690812,87,1,0,0,0,100.000000,98.863636,1.136364,0.000000,19.318182,100.000000,0.249990,0.249990,1206241.039500,1774,8,0.249990,-42.906185,0.000000,37
REDE_COMPLETA,N - INDUSTRIAL E NEGOCIOS,NA - COZINHA INDUSTRIAL,286,26,11,1262054.808000,1202691.745500,1200224.350500,2467.395000,264,210,76,268,18,1.405473,0.000000,0.000000,0.000000,-750.000000,-2.000000,244.670147,263,1,3,1,18,92.307692,91.958042,0.349650,6.293706,26.573427,95.296317,0.261557,0.249254,1262054.808000,929,26,0.261557,-13.684097,0.000000,38
REDE_COMPLETA,B - UTILIDADES DOMESTICAS,BL - LAVANDERIA,95,9,11,1094158.956583,1089335.886583,1081607.561083,7728.325500,94,81,14,95,0,0.877407,0.000000,0.000000,0.000000,-19207.000000,-93.000000,1421.987504,92,2,1,0,0,98.947368,96.842105,2.105263,0.000000,14.736842,99.559198,0.226761,0.225762,1094158.956583,9831,9,0.226761,-84.059377,0.000000,39
REDE_COMPLETA,O - MOVEIS,OF - ESCRITORIO,121,11,11,1014082.517000,939762.047000,937654.277000,2107.770000,111,107,14,118,3,40.400893,0.000000,0.000000,0.000000,-1300.000000,-7.000000,239.848972,109,2,0,7,3,91.735537,90.082645,1.652893,2.479339,11.570248,92.671161,0.210166,0.194763,1014082.517000,2116,11,0.210166,-89.688846,0.000000,40
REDE_COMPLETA,B - UTILIDADES DOMESTICAS,BK - HIGIENE E LIMPEZA,230,22,11,984830.707000,929120.531500,898331.801500,30788.730000,208,181,49,229,1,29.555061,0.000000,0.000000,0.000000,-15904.000000,-22.500000,1783.062354,196,12,6,15,1,90.434783,85.217391,5.217391,0.434783,21.304348,94.343172,0.204103,0.192558,984830.707000,14291,22,0.204103,-49.845560,0.000000,41
REDE_COMPLETA,V - DECORACAO,VA - OBJETOS PARA SALA E QUARTO,352,36,11,970803.470000,920147.816000,916405.196000,3742.620000,318,283,69,347,5,22.958784,0.000000,0.000000,0.000000,-17093.000000,-24.000000,2178.303573,314,4,2,27,5,90.340909,89.204545,1.136364,1.420455,19.602273,94.782090,0.201196,0.190698,970803.470000,9007,36,0.201196,-68.669470,0.000000,42
REDE_COMPLETA,E - MATERIAIS ELETRICOS,"EI - PROGRAMADORES, SENSORES E VARIADORES",22,2,11,900979.483523,882549.463523,882549.463523,0.000000,18,18,4,20,2,65.036709,0.000000,0.000000,0.000000,-12972.000000,-268.000000,862.600696,18,0,0,2,2,81.818182,81.818182,0.000000,9.090909,18.181818,97.954446,0.186725,0.182906,900979.483523,4422,2,0.186725,12.502340,-0.000000,43
REDE_COMPLETA,E - MATERIAIS ELETRICOS,"EC - CAIXAS, DUTOS E CALHAS ELETRICAS",165,15,11,885887.304840,878461.704840,871877.889840,6583.815000,148,127,38,155,10,9.003916,0.000000,0.000000,0.000000,-72009.000000,-93.000000,8254.552450,145,3,2,5,10,89.696970,87.878788,1.818182,6.060606,23.030303,99.161790,0.183598,0.182059,885887.304840,13323,15,0.183598,-75.573605,0.000000,44
REDE_COMPLETA,E - MATERIAIS ELETRICOS,EK - PROTECAO DE EQUIPAMENTOS ELETRICOS,31,3,11,853744.242156,853744.242156,853744.242156,0.000000,30,27,4,30,1,0.000000,0.000000,0.000000,0.000000,-16600.000000,-41.000000,1560.250458,30,0,0,0,1,96.774194,96.774194,0.000000,3.225806,12.903226,100.000000,0.176936,0.176936,853744.242156,4693,3,0.176936,-82.658867,0.000000,45
REDE_COMPLETA,S - TINTAS E QUIMICOS,SC - ADERENTES E VEDADORES,110,10,11,750562.916750,750479.756750,747507.521750,2972.235000,109,84,26,110,0,0.817763,0.000000,0.000000,0.000000,-16419.000000,-68.500000,1336.917000,107,2,1,0,0,99.090909,97.272727,1.818182,0.000000,23.636364,99.988920,0.155552,0.155535,750562.916750,8828,10,0.155552,-54.267952,0.000000,46
REDE_COMPLETA,A - AUTOMOTIVO,AD - LUBRIFICANTES E ADITIVOS,44,4,11,737055.500250,737055.500250,737055.500250,0.000000,44,28,16,44,0,0.000000,0.000000,0.000000,0.000000,-15214.000000,-29.000000,914.595222,44,0,0,0,0,100.000000,100.000000,0.000000,0.000000,36.363636,100.000000,0.152753,0.152753,737055.500250,3005,4,0.152753,-27.985586,0.000000,47
REDE_COMPLETA,D - ELETROS,DF - ELETROPORTATEIS PARA CASA,101,10,11,737821.547801,716877.649301,712308.259301,4569.390000,93,58,43,98,3,40.931324,0.000000,0.000000,0.000000,-4855.000000,0.000000,756.058476,91,2,2,3,3,92.079208,90.099010,1.980198,2.970297,42.574257,97.161387,0.152911,0.148571,737821.547801,2280,10,0.152911,-70.304963,0.000000,48
REDE_COMPLETA,N - INDUSTRIAL E NEGOCIOS,NC - PROCESSADORES INDUSTRIAIS,143,13,11,684936.420000,680451.765000,676472.580000,3979.185000,135,92,51,136,7,0.441176,0.000000,0.000000,0.000000,-546.000000,-2.000000,139.053896,134,1,1,0,7,94.405594,93.706294,0.699301,4.895105,35.664336,99.345245,0.141951,0.141022,684936.420000,653,13,0.141951,-17.940314,0.000000,49
REDE_COMPLETA,Q - BASICOS CONSTRUCAO,QJ - SUPORTES,198,18,11,669063.582250,667214.112250,665631.027250,1583.085000,194,161,37,197,1,2.166310,0.000000,0.000000,0.000000,-39799.000000,-98.000000,2912.182883,191,3,0,3,1,97.979798,96.464646,1.515152,0.505051,18.686869,99.723573,0.138662,0.138278,669063.582250,10728,18,0.138662,-5.579785,0.000000,50
REDE_COMPLETA,B - UTILIDADES DOMESTICAS,BE - ARMAZENAR,303,29,11,667022.994858,665380.553358,663431.333358,1949.220000,302,254,49,303,0,0.160059,0.000000,0.000000,0.000000,-20662.000000,-48.000000,2264.448243,301,1,1,0,0,99.669967,99.339934,0.330033,0.000000,16.171617,99.753765,0.138239,0.137898,667022.994858,11678,29,0.138239,-70.513303,0.000000,51
REDE_COMPLETA,S - TINTAS E QUIMICOS,SF - SELADORES E VERNIZES,11,1,11,578857.562500,578857.562500,578857.562500,0.000000,11,9,2,11,0,0.000000,0.000000,0.000000,0.000000,-1864.000000,-90.000000,118.891939,11,0,0,0,0,100.000000,100.000000,0.000000,0.000000,18.181818,100.000000,0.119967,0.119967,578857.562500,1258,1,0.119967,-58.804388,0.000000,52
REDE_COMPLETA,"K - CAMA, MESA E BANHO",KB - MESA,208,20,11,610560.076750,576845.521750,558643.614250,18201.907500,202,177,31,208,0,6.886995,0.000000,0.000000,0.000000,-15064.000000,-28.000000,3294.181570,195,7,1,5,0,97.115385,93.750000,3.365385,0.000000,14.903846,94.478094,0.126537,0.119550,610560.076750,12183,20,0.126537,-82.149573,0.000000,53
REDE_COMPLETA,M - MAQUINAS E MOTORES,MJ - MARCENARIA,22,2,11,540657.904500,540657.904500,540657.904500,0.000000,22,12,10,22,0,0.000000,0.000000,0.000000,0.000000,-280.000000,-3.500000,19.848574,22,0,0,0,0,100.000000,100.000000,0.000000,0.000000,45.454545,100.000000,0.112050,0.112050,540657.904500,271,2,0.112050,33.158890,0.000000,54
REDE_COMPLETA,B - UTILIDADES DOMESTICAS,BH - ACESSORIOS PARA SERVIR - PRESENTES,316,31,11,512074.671850,494070.314850,483587.440350,10482.874500,295,245,71,312,4,11.736061,0.000000,0.000000,0.000000,-20712.000000,-24.000000,2482.686501,284,11,7,10,4,93.354430,89.873418,3.481013,1.265823,22.468354,96.484037,0.106126,0.102395,512074.671850,11891,31,0.106126,-66.088371,0.000000,55
REDE_COMPLETA,C - PISOS E REVESTIMENTOS,CB - NAO CERAMICOS,110,10,11,556203.298980,468061.338780,456945.618780,11115.720000,91,60,50,104,6,23.273201,0.000000,0.000000,0.000000,-3019.920000,0.000000,1034.478968,85,6,6,7,6,82.727273,77.272727,5.454545,5.454545,45.454545,84.152924,0.115272,0.097004,556203.298980,622,10,0.115272,-71.546678,0.000000,56
REDE_COMPLETA,R - ELETRONICOS,RC - SOM,22,2,11,426794.529000,426794.529000,426794.529000,0.000000,22,22,0,22,0,0.000000,0.000000,0.000000,0.000000,-260.000000,-3.000000,29.561111,22,0,0,0,0,100.000000,100.000000,0.000000,0.000000,0.000000,100.000000,0.088452,0.088452,426794.529000,195,2,0.088452,-43.532251,0.000000,57
REDE_COMPLETA,V - DECORACAO,VC - OBJETOS PARA JARDIM,33,3,11,421659.241500,406867.891500,406867.891500,0.000000,32,27,6,33,0,11.570248,0.000000,0.000000,0.000000,-2353.000000,-42.000000,183.491342,32,0,0,1,0,96.969697,96.969697,0.000000,0.000000,18.181818,96.492108,0.087388,0.084322,421659.241500,1395,3,0.087388,-8.909996,0.000000,58
REDE_COMPLETA,"G - PORTAS, JANELAS E FECHADURAS",GA - PORTAS,194,18,11,420629.989500,379269.345000,366225.300000,13044.045000,172,119,75,183,11,8.827259,0.000000,0.000000,0.000000,-1336.000000,0.000000,307.486366,164,8,5,6,11,88.659794,84.536082,4.123711,5.670103,38.659794,90.166977,0.087174,0.078602,420629.989500,1768,18,0.087174,-81.280733,0.000000,59
REDE_COMPLETA,U - METAIS E ACESSORIOS,UD - REGISTROS E VALVULAS,99,9,11,372643.200000,345602.445000,345602.445000,0.000000,93,61,38,99,0,10.978401,0.000000,0.000000,0.000000,-9207.000000,-2.000000,657.131947,93,0,1,5,0,93.939394,93.939394,0.000000,0.000000,38.383838,92.743527,0.077229,0.071625,372643.200000,5369,9,0.077229,-71.304740,0.000000,60
REDE_COMPLETA,O - MOVEIS,OB - VARANDA E AREA EXTERNA,55,5,11,363773.422250,333064.397750,329742.617750,3321.780000,51,47,8,55,0,35.443227,0.000000,0.000000,0.000000,-882.000000,-7.000000,108.607500,50,1,0,4,0,92.727273,90.909091,1.818182,0.000000,14.545455,91.558200,0.075391,0.069027,363773.422250,1106,5,0.075391,-42.637291,0.000000,61
REDE_COMPLETA,B - UTILIDADES DOMESTICAS,BF - UTENSILIOS PARA PREPARACAO,176,18,11,436515.852500,318509.040500,315286.065500,3222.975000,142,134,42,174,2,53.545488,0.000000,0.000000,0.000000,-5155.000000,-1.000000,1009.443577,138,4,6,26,2,80.681818,78.409091,2.272727,1.136364,23.863636,72.966202,0.090467,0.066010,436515.852500,9392,18,0.090467,-46.568955,0.000000,62
REDE_COMPLETA,"L - INFANTIL, LAZER E PETS",LH - PRAIA E PISCINA,55,5,11,301529.000500,286245.788500,286245.788500,0.000000,53,44,11,55,0,35.844638,0.000000,0.000000,0.000000,-2870.000000,-32.000000,268.180489,53,0,0,2,0,96.363636,96.363636,0.000000,0.000000,20.000000,94.931429,0.062491,0.059324,301529.000500,1915,5,0.062491,-45.707834,0.000000,63
REDE_COMPLETA,U - METAIS E ACESSORIOS,UE - BASES E ACABAMENTOS,33,3,11,295360.432500,274221.657500,274221.657500,0.000000,32,24,9,33,0,10.205663,0.000000,0.000000,0.000000,-2931.000000,-42.000000,348.163422,32,0,0,1,0,96.969697,96.969697,0.000000,0.000000,27.272727,92.843058,0.061213,0.056832,295360.432500,2011,3,0.061213,-79.747874,0.000000,64
REDE_COMPLETA,A - AUTOMOTIVO,AA - PNEUS,33,3,11,274737.424500,273829.279500,272866.534500,962.745000,31,19,14,32,1,4.687500,0.000000,0.000000,0.000000,-219.000000,0.000000,54.797222,30,1,0,1,1,93.939394,90.909091,3.030303,3.030303,42.424242,99.669450,0.056939,0.056750,274737.424500,166,3,0.056939,-92.064933,0.000000,65
REDE_COMPLETA,"L - INFANTIL, LAZER E PETS",LF - MOVEIS INFANTIS,121,11,11,322148.295000,254252.775000,245910.630000,8342.145000,93,98,23,121,0,67.321983,0.000000,0.000000,11.666667,-94.000000,0.000000,228.307852,89,4,8,20,0,76.859504,73.553719,3.305785,0.000000,19.008264,78.924141,0.066764,0.052693,322148.295000,1552,11,0.066764,-58.818876,0.000000,66
REDE_COMPLETA,H - TUBOS E CONEXOES,HE - RALOS E GRELHAS,88,8,11,242085.851000,238295.141000,236939.486000,1355.655000,83,67,21,84,4,3.436224,0.000000,0.000000,0.000000,-5823.000000,-11.000000,442.260591,77,6,0,1,4,94.318182,87.500000,6.818182,4.545455,23.863636,98.434146,0.050172,0.049386,242085.851000,2945,8,0.050172,-62.445919,0.000000,67
REDE_COMPLETA,M - MAQUINAS E MOTORES,ME - LIMPEZA,55,5,11,244032.978000,231563.178000,204434.853000,27128.325000,51,31,24,52,3,4.326923,0.000000,0.000000,0.000000,-146.000000,0.000000,57.033000,44,7,1,0,3,92.727273,80.000000,12.727273,5.454545,43.636364,94.890117,0.050575,0.047991,244032.978000,257,5,0.050575,-64.254790,0.000000,68
REDE_COMPLETA,S - TINTAS E QUIMICOS,SE - IMPERMEABILIZANTES,44,4,11,211221.129000,211221.129000,211221.129000,0.000000,43,31,13,43,1,0.000000,0.000000,0.000000,0.000000,-799.000000,-11.000000,69.396175,43,0,0,0,1,97.727273,97.727273,0.000000,2.272727,29.545455,100.000000,0.043775,0.043775,211221.129000,749,4,0.043775,-31.267280,0.000000,69
REDE_COMPLETA,E - MATERIAIS ELETRICOS,EO - INSTRUMENTOS DE MEDICAO ELETRICA,22,2,11,205258.607750,205258.607750,205258.607750,0.000000,22,18,4,22,0,0.000000,0.000000,0.000000,0.000000,-5869.000000,-179.000000,339.742286,22,0,0,0,0,100.000000,100.000000,0.000000,0.000000,18.181818,100.000000,0.042539,0.042539,205258.607750,4288,2,0.042539,-35.247731,0.000000,70
REDE_COMPLETA,N - INDUSTRIAL E NEGOCIOS,NE - LIMPEZA E MANUTENCAO,55,5,11,283516.394000,199682.399000,199682.399000,0.000000,48,45,10,55,0,25.896144,0.000000,0.000000,0.000000,-6219.000000,-50.000000,857.715422,48,0,2,5,0,87.272727,87.272727,0.000000,0.000000,18.181818,70.430636,0.058758,0.041384,283516.394000,5486,5,0.058758,-74.856038,0.000000,71
REDE_COMPLETA,M - MAQUINAS E MOTORES,MA - BOMBAS E FILTROS,44,4,11,189359.331000,181349.091000,171902.556000,9446.535000,40,27,17,41,3,2.554096,0.000000,0.000000,0.000000,-302.000000,0.000000,70.886491,38,2,1,0,3,90.909091,86.363636,4.545455,6.818182,38.636364,95.769820,0.039244,0.037584,189359.331000,423,4,0.039244,-81.182549,-0.000000,72
REDE_COMPLETA,H - TUBOS E CONEXOES,HA - TUBOS E CONEXOES,165,15,11,160786.255000,159089.665000,141318.415000,17771.250000,150,43,122,153,12,2.343038,0.000000,0.000000,0.000000,-8915.000000,0.000000,623.441766,145,5,1,2,12,90.909091,87.878788,3.030303,7.272727,73.939394,98.944817,0.033322,0.032971,160786.255000,4064,15,0.033322,-41.966295,0.000000,73
REDE_COMPLETA,B - UTILIDADES DOMESTICAS,BC - SERVIR - PLASTICOS,145,15,11,159692.212750,149141.466250,149141.466250,0.000000,134,120,25,144,1,31.174380,0.000000,0.000000,0.000000,-7625.000000,-37.000000,1039.357917,134,0,1,9,1,92.413793,92.413793,0.000000,0.689655,17.241379,93.393074,0.033096,0.030909,159692.212750,6033,15,0.033096,-49.110445,0.000000,74
REDE_COMPLETA,I - ILUMINACAO,IE - ACESSORIOS E COMPONENTES,88,8,11,185192.285250,147392.049000,147392.049000,0.000000,72,55,33,82,6,18.395363,0.000000,0.000000,0.000000,-685.000000,-0.500000,263.419158,72,0,3,7,6,81.818182,81.818182,0.000000,6.818182,37.500000,79.588655,0.038381,0.030547,185192.285250,1271,8,0.038381,-41.085139,0.000000,75
REDE_COMPLETA,W - LOUCAS E PIAS,WC - TANQUES,44,4,11,135548.595000,135548.595000,133389.270000,2159.325000,44,35,9,44,0,0.340909,0.000000,0.000000,0.000000,-194.000000,-3.500000,50.936652,43,1,0,0,0,100.000000,97.727273,2.272727,0.000000,20.454545,100.000000,0.028092,0.028092,135548.595000,284,4,0.028092,-71.438473,0.000000,76
REDE_COMPLETA,A - AUTOMOTIVO,AC - MANUTENCAO E LIMPEZA,42,4,11,134474.060000,134474.060000,134474.060000,0.000000,41,35,7,41,1,0.000000,0.000000,0.000000,0.000000,-6197.000000,-73.000000,499.664435,41,0,0,0,1,97.619048,97.619048,0.000000,2.380952,16.666667,100.000000,0.027869,0.027869,134474.060000,4535,4,0.027869,-20.419903,0.000000,77
REDE_COMPLETA,E - MATERIAIS ELETRICOS,"EB - FIOS, CABOS E CONECTORES",66,6,11,134134.994000,131614.889000,130486.874000,1128.015000,59,47,19,62,4,20.643248,0.000000,0.000000,0.000000,-6959.000000,-60.000000,2785.883184,58,1,0,3,4,89.393939,87.878788,1.515152,6.060606,28.787879,98.121217,0.027799,0.027277,134134.994000,3653,6,0.027799,-32.965834,0.000000,78
REDE_COMPLETA,J - JARDINAGEM,JE - DECORACAO,11,1,11,136788.995000,129931.445000,129931.445000,0.000000,9,9,2,11,0,27.962974,0.000000,0.000000,0.000000,-2023.000000,-249.000000,141.831861,9,0,0,2,0,81.818182,81.818182,0.000000,0.000000,18.181818,94.986768,0.028349,0.026928,136788.995000,1486,1,0.028349,-68.068009,0.000000,79
REDE_COMPLETA,T - ARTIGOS DE EPOCA,TA - ILUMINACAO NATALINA,11,1,11,122798.564167,122798.564167,122798.564167,0.000000,11,6,5,11,0,0.000000,0.000000,0.000000,0.000000,-2490.000000,-228.000000,645.600000,11,0,0,0,0,100.000000,100.000000,0.000000,0.000000,45.454545,100.000000,0.025450,0.025450,122798.564167,289,1,0.025450,-99.402441,-0.000000,80
REDE_COMPLETA,M - MAQUINAS E MOTORES,MI - CONSTRUCAO CIVIL,11,1,11,142033.080000,117584.040000,104756.190000,12827.850000,8,9,2,11,0,32.727273,0.000000,0.000000,45.000000,-5.000000,0.000000,11.958333,7,1,2,1,0,72.727273,63.636364,9.090909,0.000000,18.181818,82.786376,0.029436,0.024369,142033.080000,39,1,0.029436,-73.502969,0.000000,81
REDE_COMPLETA,N - INDUSTRIAL E NEGOCIOS,ND - PESO E AFERICAO,22,2,11,101251.395000,101251.395000,101251.395000,0.000000,20,16,6,20,2,0.000000,0.000000,0.000000,0.000000,-50.000000,-1.500000,17.966667,20,0,0,0,2,90.909091,90.909091,0.000000,9.090909,27.272727,100.000000,0.020984,0.020984,101251.395000,68,2,0.020984,52.475271,0.000000,82
REDE_COMPLETA,"L - INFANTIL, LAZER E PETS",LA - BRINQUEDOS,73,7,11,104810.779500,100821.630000,99955.905000,865.725000,64,60,13,72,1,55.107044,0.000000,0.000000,0.000000,-2117.000000,-15.000000,475.154937,63,1,3,5,1,87.671233,86.301370,1.369863,1.369863,17.808219,96.193951,0.021722,0.020895,104810.779500,2314,7,0.021722,-80.567479,0.000000,83
REDE_COMPLETA,R - ELETRONICOS,RG - SEGURANCA,18,2,11,88881.730000,86374.960000,86374.960000,0.000000,15,13,5,16,2,4.687500,0.000000,0.000000,0.000000,-339.000000,-2.500000,41.565873,15,0,1,0,2,83.333333,83.333333,0.000000,11.111111,27.777778,97.179657,0.018420,0.017901,88881.730000,243,2,0.018420,170.020705,0.000000,84
REDE_COMPLETA,B - UTILIDADES DOMESTICAS,BG - ACESSORIOS PARA PREPARACAO,75,7,11,87083.580500,85465.425500,85465.425500,0.000000,74,58,17,75,0,2.065306,0.000000,0.000000,0.000000,-3830.000000,-24.000000,340.157320,74,0,0,1,0,98.666667,98.666667,0.000000,0.000000,22.666667,98.141837,0.018048,0.017712,87083.580500,2650,7,0.018048,-50.243083,0.000000,85
REDE_COMPLETA,Q - BASICOS CONSTRUCAO,QI - FIXACAO,33,3,11,85191.855000,82912.515000,76873.335000,6039.180000,31,26,7,33,0,14.391938,0.000000,0.000000,0.000000,-1646.000000,-15.000000,179.667880,29,2,0,2,0,93.939394,87.878788,6.060606,0.000000,21.212121,97.324463,0.017656,0.017183,85191.855000,1356,3,0.017656,1.250388,0.000000,86
REDE_COMPLETA,Y - EPI,YE - PROTECAO RESPIRATORIA,11,1,11,73582.103000,73582.103000,71645.609000,1936.494000,11,9,2,11,0,1.168831,0.000000,0.000000,0.000000,-4624.000000,-197.000000,317.156909,10,1,0,0,0,100.000000,90.909091,9.090909,0.000000,18.181818,100.000000,0.015250,0.015250,73582.103000,1622,1,0.015250,-66.148168,0.000000,87
REDE_COMPLETA,"L - INFANTIL, LAZER E PETS",LE - ENXOVAL,9,1,9,70573.492500,70573.492500,70573.492500,0.000000,9,9,0,9,0,0.000000,0.000000,0.000000,0.000000,-1048.000000,-116.000000,68.632886,9,0,0,0,0,100.000000,100.000000,0.000000,0.000000,0.000000,100.000000,0.014626,0.014626,70573.492500,682,1,0.014626,-56.523976,0.000000,88
REDE_COMPLETA,A - AUTOMOTIVO,AB - BATERIAS E CARREGADORES,11,1,11,67676.658000,67676.658000,67676.658000,0.000000,11,5,6,11,0,0.000000,0.000000,0.000000,0.000000,-116.000000,0.000000,10.031746,11,0,0,0,0,100.000000,100.000000,0.000000,0.000000,54.545455,100.000000,0.014026,0.014026,67676.658000,108,1,0.014026,-31.828203,0.000000,89
REDE_COMPLETA,A - AUTOMOTIVO,AP - VULCANIZADORES,11,1,11,58614.675000,58614.675000,56948.325000,1666.350000,11,5,6,11,0,1.818182,0.000000,0.000000,0.000000,-93.000000,0.000000,8.881868,10,1,0,0,0,100.000000,90.909091,9.090909,0.000000,54.545455,100.000000,0.012148,0.012148,58614.675000,94,1,0.012148,-7.198685,0.000000,90
REDE_COMPLETA,M - MAQUINAS E MOTORES,MH - SOLDAGEM,11,1,11,61396.555500,58237.210500,58237.210500,0.000000,9,8,3,11,0,16.363636,0.000000,0.000000,0.000000,-30.000000,0.000000,11.785859,9,0,1,1,0,81.818182,81.818182,0.000000,0.000000,27.272727,94.854198,0.012724,0.012069,61396.555500,75,1,0.012724,-73.572114,0.000000,91
REDE_COMPLETA,H - TUBOS E CONEXOES,HB - CALHAS E ACESSORIOS,22,2,11,56218.501500,56218.501500,56218.501500,0.000000,22,4,18,22,0,0.000000,0.000000,0.000000,0.000000,-918.000000,0.000000,57.456140,22,0,0,0,0,100.000000,100.000000,0.000000,0.000000,81.818182,100.000000,0.011651,0.011651,56218.501500,695,2,0.011651,-59.107247,0.000000,92
REDE_COMPLETA,T - ARTIGOS DE EPOCA,TC - DECORACAO NATALINA,20,2,11,52868.996250,51585.686250,51585.686250,0.000000,19,18,2,20,0,24.576923,0.000000,0.000000,0.000000,-2822.000000,-116.000000,1351.866667,19,0,0,1,0,95.000000,95.000000,0.000000,0.000000,10.000000,97.572661,0.010957,0.010691,52868.996250,417,2,0.010957,-94.989314,0.000000,93
REDE_COMPLETA,J - JARDINAGEM,JA - PLANTAR,44,4,11,51638.853000,51186.303000,48500.823000,2685.480000,43,36,8,44,0,1.842657,0.000000,0.000000,0.000000,-626.000000,-9.500000,149.625617,41,2,1,0,0,97.727273,93.181818,4.545455,0.000000,18.181818,99.123625,0.010702,0.010608,51638.853000,1105,4,0.010702,-75.138280,0.000000,94
REDE_COMPLETA,A - AUTOMOTIVO,AO - VESTUARIOS PARA MOTOQUEIROS,44,4,11,48574.459500,48574.459500,48574.459500,0.000000,44,33,11,44,0,0.000000,0.000000,0.000000,0.000000,-86.000000,0.000000,42.766667,44,0,0,0,0,100.000000,100.000000,0.000000,0.000000,25.000000,100.000000,0.010067,0.010067,48574.459500,104,4,0.010067,31.619637,0.000000,95
REDE_COMPLETA,F - FERRAMENTAS,"FC - ACESSORIOS PARA GOLPE, PERFURACAO E FIXACAO",11,1,11,47149.893000,47149.893000,47149.893000,0.000000,10,8,3,10,1,0.000000,0.000000,0.000000,0.000000,-86.000000,-7.000000,11.544701,10,0,0,0,1,90.909091,90.909091,0.000000,9.090909,27.272727,100.000000,0.009772,0.009772,47149.893000,116,1,0.009772,-35.366559,0.000000,96
REDE_COMPLETA,W - LOUCAS E PIAS,WD - BANHEIRAS E ACESSORIOS,22,2,11,45221.505000,42628.110000,37514.715000,5113.395000,17,11,11,18,4,8.333333,0.000000,0.000000,0.000000,3.000000,0.000000,12.166667,15,2,1,0,4,77.272727,68.181818,9.090909,18.181818,50.000000,94.265129,0.009372,0.008835,45221.505000,20,2,0.009372,-35.325044,0.000000,97
REDE_COMPLETA,T - ARTIGOS DE EPOCA,TK - PASCOA,18,2,9,40938.340600,40938.340600,40938.340600,0.000000,18,17,1,18,0,0.000000,0.000000,0.000000,0.000000,-5889.000000,-331.500000,1522.383333,18,0,0,0,0,100.000000,100.000000,0.000000,0.000000,5.555556,100.000000,0.008484,0.008484,40938.340600,803,2,0.008484,40.391413,0.000000,98
REDE_COMPLETA,H - TUBOS E CONEXOES,HD - VEDACAO E TERMOFUSORES,11,1,11,40841.524500,40841.524500,40841.524500,0.000000,11,2,9,11,0,0.000000,0.000000,0.000000,0.000000,-352.000000,0.000000,22.374613,11,0,0,0,0,100.000000,100.000000,0.000000,0.000000,81.818182,100.000000,0.008464,0.008464,40841.524500,277,1,0.008464,-33.741364,0.000000,99
REDE_COMPLETA,F - FERRAMENTAS,FL - MEDICAO ELETRICA,11,1,11,39259.605000,39259.605000,38176.110000,1083.495000,10,8,3,10,1,4.285714,0.000000,0.000000,0.000000,-188.000000,0.000000,28.153846,8,2,0,0,1,90.909091,72.727273,18.181818,9.090909,27.272727,100.000000,0.008136,0.008136,39259.605000,313,1,0.008136,-21.873020,-0.000000,100
REDE_COMPLETA,S - TINTAS E QUIMICOS,SD - ACESSORIOS PARA PINTURA,9,1,9,37286.350500,37286.350500,37286.350500,0.000000,9,9,0,9,0,0.000000,0.000000,0.000000,0.000000,-861.000000,-74.000000,115.630051,9,0,0,0,0,100.000000,100.000000,0.000000,0.000000,0.000000,100.000000,0.007727,0.007727,37286.350500,579,1,0.007727,-95.845042,0.000000,101
REDE_COMPLETA,F - FERRAMENTAS,FP - BANCADAS E ARMAZENAGEM DE FERRAMENTAS,11,1,11,32032.875000,32032.875000,31472.805000,560.070000,11,8,3,11,0,2.272727,0.000000,0.000000,0.000000,-243.000000,-16.000000,32.720280,10,1,0,0,0,100.000000,90.909091,9.090909,0.000000,27.272727,100.000000,0.006639,0.006639,32032.875000,286,1,0.006639,-84.967214,0.000000,102
REDE_COMPLETA,E - MATERIAIS ELETRICOS,EL - SINALIZACAO E SEGURANCA,11,1,11,30713.865000,28224.525000,28224.525000,0.000000,9,8,3,11,0,13.636364,0.000000,0.000000,0.000000,-26.000000,0.000000,9.261905,9,0,2,0,0,81.818182,81.818182,0.000000,0.000000,27.272727,91.895061,0.006365,0.005849,30713.865000,39,1,0.006365,-46.422459,0.000000,103
REDE_COMPLETA,F - FERRAMENTAS,FF - ACESSORIOS PARA ACABAMENTO,11,1,11,21375.900000,21375.900000,21375.900000,0.000000,11,9,2,11,0,0.000000,0.000000,0.000000,0.000000,-746.000000,-63.000000,48.213488,11,0,0,0,0,100.000000,100.000000,0.000000,0.000000,18.181818,100.000000,0.004430,0.004430,21375.900000,694,1,0.004430,-46.610559,0.000000,104
REDE_COMPLETA,M - MAQUINAS E MOTORES,MD - COMPRESSORES,11,1,11,19990.635000,19990.635000,15948.240000,4042.395000,11,4,7,11,0,2.727273,0.000000,0.000000,0.000000,-2.000000,0.000000,4.000000,10,1,0,0,0,100.000000,90.909091,9.090909,0.000000,63.636364,100.000000,0.004143,0.004143,19990.635000,5,1,0.004143,-75.391392,0.000000,105
REDE_COMPLETA,E - MATERIAIS ELETRICOS,EG - PLUGS E EXTENSOES ELETRICAS,22,2,11,17223.780000,16874.550000,15263.220000,1611.330000,19,18,4,21,1,20.039649,0.000000,0.000000,0.000000,-575.000000,-10.000000,64.179611,16,3,0,2,1,86.363636,72.727273,13.636364,4.545455,18.181818,97.972396,0.003570,0.003497,17223.780000,663,2,0.003570,-51.513506,0.000000,106
REDE_COMPLETA,"L - INFANTIL, LAZER E PETS",LB - ALIMENTACAO,9,1,9,12462.964500,12462.964500,12462.964500,0.000000,9,9,0,9,0,0.000000,0.000000,0.000000,0.000000,-193.000000,-24.000000,26.915152,9,0,0,0,0,100.000000,100.000000,0.000000,0.000000,0.000000,100.000000,0.002583,0.002583,12462.964500,167,1,0.002583,-79.990880,0.000000,107
REDE_COMPLETA,F - FERRAMENTAS,FG - CORTE ELETRICO,11,1,11,14593.897500,12041.200500,10668.010500,1373.190000,10,5,6,11,0,19.090909,0.000000,0.000000,0.000000,4.000000,0.000000,7.000000,9,1,0,1,0,90.909091,81.818182,9.090909,0.000000,54.545455,82.508463,0.003025,0.002496,14593.897500,20,1,0.003025,-84.633422,0.000000,108
REDE_COMPLETA,J - JARDINAGEM,JB - IRRIGACAO,22,2,11,10868.865000,10784.970000,9656.535000,1128.435000,21,18,4,22,0,7.451299,0.000000,0.000000,0.000000,-348.000000,-8.500000,70.314286,18,3,1,0,0,95.454545,81.818182,13.636364,0.000000,18.181818,99.228116,0.002253,0.002235,10868.865000,452,2,0.002253,-91.389929,0.000000,109
REDE_COMPLETA,"L - INFANTIL, LAZER E PETS",LK - FITNESS,11,1,11,10535.413000,10535.413000,10535.413000,0.000000,11,9,2,11,0,0.000000,0.000000,0.000000,0.000000,-1139.000000,-94.000000,74.596189,11,0,0,0,0,100.000000,100.000000,0.000000,0.000000,18.181818,100.000000,0.002183,0.002183,10535.413000,743,1,0.002183,-71.658651,0.000000,110
REDE_COMPLETA,A - AUTOMOTIVO,"AN - ASSENTOS, CADEIRAS E ENCOSTOS",11,1,11,13900.740000,8605.800000,8605.800000,0.000000,7,5,6,9,2,19.545455,0.000000,0.000000,0.000000,8.000000,0.000000,10.088889,7,0,1,1,2,63.636364,63.636364,0.000000,18.181818,54.545455,61.908934,0.002881,0.001784,13900.740000,37,1,0.002881,-79.071212,0.000000,111
REDE_COMPLETA,Y - EPI,YC - PROTECAO PARA O CORPO,11,1,11,12681.595500,8445.990000,8445.990000,0.000000,8,9,2,11,0,38.197183,0.000000,0.000000,21.000000,-87.000000,-2.000000,27.954699,8,0,2,1,0,72.727273,72.727273,0.000000,0.000000,18.181818,66.600374,0.002628,0.001750,12681.595500,195,1,0.002628,-41.076490,0.000000,112
REDE_COMPLETA,F - FERRAMENTAS,FJ - FERRAMENTAS MANUAIS,11,1,11,7952.910000,6216.000000,6216.000000,0.000000,9,7,4,11,0,65.961704,0.000000,0.000000,0.000000,16.000000,0.000000,15.992045,9,0,0,2,0,81.818182,81.818182,0.000000,0.000000,36.363636,78.160070,0.001648,0.001288,7952.910000,213,1,0.001648,-19.957689,0.000000,113
REDE_COMPLETA,"L - INFANTIL, LAZER E PETS",LM - BELEZA,6,1,6,5929.350000,5929.350000,5929.350000,0.000000,6,6,0,6,0,0.000000,0.000000,0.000000,0.000000,-590.000000,-99.000000,98.533333,6,0,0,0,0,100.000000,100.000000,0.000000,0.000000,0.000000,100.000000,0.001229,0.001229,5929.350000,279,1,0.001229,-87.755913,0.000000,114
REDE_COMPLETA,N - INDUSTRIAL E NEGOCIOS,NH - DESCARTAVEIS,11,1,11,8525.349000,5768.364000,5536.314000,232.050000,8,8,3,11,0,79.829956,0.000000,0.000000,44.926829,28.000000,0.000000,25.838702,7,1,2,1,0,72.727273,63.636364,9.090909,0.000000,27.272727,67.661324,0.001767,0.001195,8525.349000,301,1,0.001767,-67.986147,0.000000,115
REDE_COMPLETA,T - ARTIGOS DE EPOCA,TH - ESCOLAR,11,1,11,4429.215000,4429.215000,4429.215000,0.000000,11,9,2,11,0,0.000000,0.000000,0.000000,0.000000,-283.000000,-24.000000,30.571459,11,0,0,0,0,100.000000,100.000000,0.000000,0.000000,18.181818,100.000000,0.000918,0.000918,4429.215000,285,1,0.000918,-87.628866,0.000000,116
REDE_COMPLETA,R - ELETRONICOS,RE - INFORMATICA,11,1,11,4290.720000,4290.720000,4290.720000,0.000000,11,9,2,11,0,0.000000,0.000000,0.000000,0.000000,-96.000000,-7.000000,15.028571,11,0,0,0,0,100.000000,100.000000,0.000000,0.000000,18.181818,100.000000,0.000889,0.000889,4290.720000,81,1,0.000889,-87.656018,0.000000,117
REDE_COMPLETA,B - UTILIDADES DOMESTICAS,BI - ACESSORIOS PARA SERVIR - PLASTICOS,22,2,11,3406.431000,2529.975000,2350.635000,179.340000,19,9,13,22,0,12.053146,0.000000,0.000000,0.000000,-29.000000,0.000000,31.166134,18,1,2,1,0,86.363636,81.818182,4.545455,0.000000,59.090909,74.270549,0.000706,0.000524,3406.431000,218,2,0.000706,-29.413188,0.000000,118
REDE_COMPLETA,"G - PORTAS, JANELAS E FECHADURAS",GB - JANELAS,11,1,11,2391.480000,2391.480000,439.740000,1951.740000,11,3,8,11,0,1.136364,0.000000,0.000000,0.000000,0.000000,0.000000,4.400000,10,1,0,0,0,100.000000,90.909091,9.090909,0.000000,72.727273,100.000000,0.000496,0.000496,2391.480000,12,1,0.000496,-71.893807,0.000000,119
REDE_COMPLETA,A - AUTOMOTIVO,AG - ACESSORIOS AUTOMOTIVOS,11,1,11,2377.515000,1107.015000,650.370000,456.645000,7,6,5,9,2,27.166667,22.500000,0.000000,30.000000,20.000000,1.000000,8.121212,4,3,2,0,2,63.636364,36.363636,27.272727,18.181818,45.454545,46.561851,0.000493,0.000229,2377.515000,50,1,0.000493,-43.992008,0.000000,120
REDE_COMPLETA,Q - BASICOS CONSTRUCAO,QD - TIJOLOS E BLOCOS,11,1,11,4205.134500,217.035000,217.035000,0.000000,9,3,8,10,1,5.020921,0.000000,0.000000,0.000000,30.000000,0.000000,16.950000,9,0,1,0,1,81.818182,81.818182,0.000000,9.090909,72.727273,5.161190,0.000872,0.000045,4205.134500,73,1,0.000872,-48.155254,0.000000,121
REDE_FISICA_SEM_LOJA93,C - PISOS E REVESTIMENTOS,CA - CERAMICOS E PORCELANATOS,2964,315,10,54087458.166994,53080465.189311,52629259.391331,451205.797980,2866,2119,845,2940,24,12.239002,0.000000,0.000000,0.000000,-667069.910000,-56.700000,90385.465789,2816,50,18,56,24,96.693657,95.006748,1.686910,0.809717,28.508772,98.138214,16.428235,16.122376,54087458.166994,43299,315,16.428235,-52.210326,0.000000,1
REDE_FISICA_SEM_LOJA93,D - ELETROS,DA - AR E VENTILACAO,1202,123,10,48878287.874184,47348742.557860,46536165.270042,812577.287818,1138,874,328,1165,37,117.396300,0.000000,0.000000,0.000000,-62404.000000,-4.000000,7069.903616,1130,8,9,18,37,94.675541,94.009983,0.665557,3.078203,27.287854,96.870706,14.846029,14.381453,48878287.874184,25395,123,14.846029,-64.412766,-0.000000,2
REDE_FISICA_SEM_LOJA93,R - ELETRONICOS,RA - IMAGEM,207,23,10,20876436.587516,20826850.243016,20783362.403516,43487.839500,203,188,19,204,3,0.333333,0.000000,0.000000,0.000000,-8344.000000,-3.000000,1039.308628,202,1,1,0,3,98.067633,97.584541,0.483092,1.449275,9.178744,99.762477,6.340897,6.325836,20876436.587516,4784,23,6.340897,94.938751,0.000000,3
REDE_FISICA_SEM_LOJA93,I - ILUMINACAO,IB - RESIDENCIAL,1299,134,10,13386946.740750,12063596.010750,11812304.885000,251291.125750,1139,1106,193,1230,69,18.586969,0.000000,0.000000,0.000000,-76790.000000,-14.000000,9773.101638,1111,28,28,63,69,87.682833,85.527329,2.155504,5.311778,14.857583,90.114619,4.066079,3.664132,13386946.740750,47902,134,4.066079,-60.071481,0.000000,4
REDE_FISICA_SEM_LOJA93,"K - CAMA, MESA E BANHO",KC - BANHO,2039,215,10,11721404.833806,11541888.518331,11414048.228831,127840.289500,1994,1884,155,2037,2,4.178894,0.000000,0.000000,0.000000,-196840.000000,-53.000000,21245.341924,1963,31,12,31,2,97.793036,96.272683,1.520353,0.098087,7.601766,98.468474,3.560197,3.505671,11721404.833806,121475,215,3.560197,-58.469663,0.000000,5
REDE_FISICA_SEM_LOJA93,D - ELETROS,DB - REFRIGERACAO,455,46,10,11112532.773280,11038875.441280,10785094.221280,253781.220000,441,260,195,449,6,7.169414,0.000000,0.000000,0.000000,-2934.000000,-1.000000,674.833496,437,4,3,5,6,96.923077,96.043956,0.879121,1.318681,42.857143,99.337169,3.375261,3.352889,11112532.773280,3056,46,3.375261,-3.967010,-0.000000,6
REDE_FISICA_SEM_LOJA93,S - TINTAS E QUIMICOS,SB - MASSAS E TEXTURAS,60,6,10,9961646.793793,9961577.598793,9959773.383793,1804.215000,59,41,19,60,0,2.166667,0.000000,0.000000,0.000000,-120928.000000,-1.500000,6222.654433,57,2,1,0,0,98.333333,95.000000,3.333333,0.000000,31.666667,99.999305,3.025697,3.025676,9961646.793793,5757,6,3.025697,-1.796371,0.000000,7
REDE_FISICA_SEM_LOJA93,"K - CAMA, MESA E BANHO",KA - CAMA,1166,123,10,10880317.267031,9627052.880491,9569571.750491,57481.130000,1077,1061,105,1154,12,16.148825,0.000000,0.000000,0.000000,-63012.000000,-20.000000,12648.054494,1059,18,25,52,12,92.367067,90.823328,1.543739,1.029160,9.005146,88.481362,3.304729,2.924069,10880317.267031,51469,123,3.304729,-72.501922,0.000000,8
REDE_FISICA_SEM_LOJA93,D - ELETROS,DD - LAVADORAS E SECADORES,270,27,10,8432391.807175,8187424.654675,7922364.796675,265059.858000,262,151,119,265,5,23.814282,0.000000,0.000000,0.000000,-2148.000000,0.000000,472.263487,259,3,0,3,5,97.037037,95.925926,1.111111,1.851852,44.074074,97.094927,2.561209,2.486804,8432391.807175,2028,27,2.561209,-46.550447,0.000000,9
REDE_FISICA_SEM_LOJA93,S - TINTAS E QUIMICOS,SA - TINTAS,429,43,10,7359856.495425,7278881.282925,7201686.710925,77194.572000,420,383,46,428,1,7.034164,0.000000,0.000000,0.000000,-38446.000000,-24.000000,3440.458108,410,10,5,3,1,97.902098,95.571096,2.331002,0.233100,10.722611,98.899772,2.235443,2.210848,7359856.495425,26129,43,2.235443,-61.305088,0.000000,10
REDE_FISICA_SEM_LOJA93,D - ELETROS,DC - ELETRODOMESTICOS PARA COZINHA,477,50,10,7604414.380000,7016477.548000,6658542.313000,357935.235000,457,370,107,471,6,17.301686,0.000000,0.000000,0.000000,-4515.000000,-3.000000,931.951693,446,11,5,9,6,95.807128,93.501048,2.306080,1.257862,22.431866,92.268480,2.309724,2.131147,7604414.380000,5633,50,2.309724,-44.631267,0.000000,11
REDE_FISICA_SEM_LOJA93,U - METAIS E ACESSORIOS,UC - ACESSORIOS PARA BANHEIRO,723,74,10,7191060.723880,6975423.118074,6908214.813328,67208.304746,697,638,85,718,5,9.460915,0.000000,0.000000,0.000000,-116970.000000,-46.000000,10296.483612,686,11,8,13,5,96.403873,94.882434,1.521438,0.691563,11.756570,97.001310,2.184174,2.118678,7191060.723880,54058,74,2.184174,-39.329331,0.000000,12
REDE_FISICA_SEM_LOJA93,U - METAIS E ACESSORIOS,UA - DUCHAS E CHUVEIROS,350,35,10,7104438.588284,6748407.123457,6435443.018957,312964.104500,324,243,107,339,11,9.911277,0.000000,0.000000,0.000000,-26202.000000,-3.000000,4034.593916,315,9,8,7,11,92.571429,90.000000,2.571429,3.142857,30.571429,94.988605,2.157864,2.049725,7104438.588284,19042,34,2.157864,-84.402265,0.000000,13
REDE_FISICA_SEM_LOJA93,B - UTILIDADES DOMESTICAS,BA - COZINHAR,554,57,10,6684006.389472,6416209.732139,6324404.452139,91805.280000,522,468,86,554,0,17.002547,0.000000,0.000000,0.000000,-35870.000000,-22.000000,4182.174386,515,7,10,22,0,94.223827,92.960289,1.263538,0.000000,15.523466,95.993471,2.030164,1.948825,6684006.389472,25550,57,2.030164,-10.390846,-0.000000,14
REDE_FISICA_SEM_LOJA93,O - MOVEIS,OA - SALA DE ESTAR E JANTAR,620,66,10,6299656.748000,5707473.243500,5552369.763500,155103.480000,578,570,50,609,11,17.662671,0.000000,0.000000,0.000000,-8973.000000,-3.000000,1975.323178,559,19,10,21,11,93.225806,90.161290,3.064516,1.774194,8.064516,90.599750,1.913424,1.733557,6299656.748000,9861,66,1.913424,-66.588978,0.000000,15
REDE_FISICA_SEM_LOJA93,F - FERRAMENTAS,"FA - GOLPE, PERFURACAO E FIXACAO ELETRICA",88,9,10,5439373.110500,5413656.405500,5412072.795500,1583.610000,84,64,24,87,1,10.705687,0.000000,0.000000,0.000000,-6873.000000,-12.000000,516.431182,83,1,1,2,1,95.454545,94.318182,1.136364,1.136364,27.272727,99.527212,1.652126,1.644315,5439373.110500,4863,9,1.652126,-4.308994,0.000000,16
REDE_FISICA_SEM_LOJA93,I - ILUMINACAO,IA - LAMPADAS,334,34,10,6312179.198802,5298360.513526,5258913.207026,39447.306500,287,276,58,315,19,76.481266,0.000000,0.000000,0.000000,-114814.000000,-84.000000,13427.178353,285,2,3,25,19,85.928144,85.329341,0.598802,5.688623,17.365269,83.938690,1.917227,1.609296,6312179.198802,51104,34,1.917227,-8.278467,0.000000,17
REDE_FISICA_SEM_LOJA93,U - METAIS E ACESSORIOS,"UB - TORNEIRAS, BICAS E MISTURADORES",230,23,10,5397893.774177,5289448.805027,5279872.101527,9576.703500,209,175,55,221,9,8.062378,0.000000,0.000000,0.000000,-30811.000000,-10.500000,3503.484618,204,5,7,5,9,90.869565,88.695652,2.173913,3.913043,23.913043,97.990976,1.639527,1.606589,5397893.774177,11636,22,1.639527,-8.329816,0.000000,18
REDE_FISICA_SEM_LOJA93,V - DECORACAO,VF - CORTINAS,574,60,10,5211270.258568,5192700.378568,5182150.083568,10550.295000,560,528,46,568,6,10.835022,0.000000,0.000000,0.000000,-32595.000000,-24.000000,3143.854666,557,3,4,4,6,97.560976,97.038328,0.522648,1.045296,8.013937,99.643659,1.582843,1.577203,5211270.258568,20534,60,1.582843,-54.618474,0.000000,19
REDE_FISICA_SEM_LOJA93,"G - PORTAS, JANELAS E FECHADURAS",GC - FECHADURAS,199,20,10,4819903.167750,4688400.537750,4678669.662750,9730.875000,174,167,32,194,5,21.584942,0.000000,0.000000,0.000000,-18016.000000,-14.000000,1980.290588,171,3,6,14,5,87.437186,85.929648,1.507538,2.512563,16.080402,97.271675,1.463972,1.424030,4819903.167750,11700,20,1.463972,-55.068638,0.000000,20
REDE_FISICA_SEM_LOJA93,B - UTILIDADES DOMESTICAS,BB - SERVIR - PRESENTES,2306,236,10,5794126.123399,4597387.426049,4292631.219549,304756.206500,1972,1735,571,2266,40,51.881312,0.000000,0.000000,0.000000,-122809.000000,-5.000000,35906.075483,1852,120,54,240,40,85.516045,80.312229,5.203816,1.734605,24.761492,79.345657,1.759877,1.396386,5794126.123399,86554,236,1.759877,-66.671929,-0.000000,21
REDE_FISICA_SEM_LOJA93,D - ELETROS,DE - ELETROPORTATEIS PARA COZINHA,282,30,10,4676748.690465,4486915.932840,4413311.048340,73604.884500,256,166,116,266,16,24.649521,0.000000,0.000000,0.000000,-6301.000000,-2.000000,1683.455405,254,2,2,8,16,90.780142,90.070922,0.709220,5.673759,41.134752,95.940925,1.420491,1.362832,4676748.690465,7454,30,1.420491,-83.272001,0.000000,22
REDE_FISICA_SEM_LOJA93,E - MATERIAIS ELETRICOS,EA - TOMADAS E INTERRUPTORES,430,43,10,4183192.302961,4162635.822961,4161245.727961,1390.095000,359,322,108,386,44,30.127509,0.000000,0.000000,0.000000,-498046.000000,-72.000000,30621.297554,355,4,5,22,44,83.488372,82.558140,0.930233,10.232558,25.116279,99.508593,1.270580,1.264337,4183192.302961,46278,43,1.270580,8.237572,-0.000000,23
REDE_FISICA_SEM_LOJA93,E - MATERIAIS ELETRICOS,ED - PROTECAO DE CIRCUITOS ELETRICOS,365,37,10,4121263.742732,4111319.717732,4109512.247732,1807.470000,328,319,46,337,28,4.404901,0.000000,0.000000,0.000000,-159896.000000,-48.000000,8707.754746,325,3,3,6,28,89.863014,89.041096,0.821918,7.671233,12.602740,99.758714,1.251771,1.248750,4121263.742732,46523,37,1.251771,-1.992644,0.000000,24
REDE_FISICA_SEM_LOJA93,I - ILUMINACAO,ID - JARDIM,210,21,10,4085497.519122,3975056.979122,3953703.234122,21353.745000,181,176,34,194,16,114.257850,0.000000,0.000000,0.000000,-54789.000000,-54.000000,5316.894799,176,5,3,10,16,86.190476,83.809524,2.380952,7.619048,16.190476,97.296766,1.240907,1.207363,4085497.519122,14730,21,1.240907,-24.233210,0.000000,25
REDE_FISICA_SEM_LOJA93,O - MOVEIS,OC - QUARTO,528,55,10,3258623.725000,3072254.783500,3044543.288500,27711.495000,491,416,112,523,5,41.006187,0.000000,0.000000,0.000000,-12249.000000,-6.000000,1747.864663,480,11,10,22,5,92.992424,90.909091,2.083333,0.946970,21.212121,94.280747,0.989757,0.933150,3258623.725000,16408,55,0.989757,-46.949774,0.000000,26
REDE_FISICA_SEM_LOJA93,B - UTILIDADES DOMESTICAS,BD - ORGANIZAR,632,66,10,2972745.172875,2909790.679875,2908865.734875,924.945000,619,569,63,630,2,5.904082,0.000000,0.000000,0.000000,-87902.000000,-61.000000,6397.388180,617,2,2,9,2,97.943038,97.626582,0.316456,0.316456,9.968354,97.882278,0.902926,0.883804,2972745.172875,48549,66,0.902926,-55.989595,0.000000,27
REDE_FISICA_SEM_LOJA93,B - UTILIDADES DOMESTICAS,BJ - JOGOS E CONJUNTOS PARA SERVIR,359,37,10,3118150.890913,2794502.768913,2739507.128913,54995.640000,319,258,101,350,9,40.616997,0.000000,0.000000,0.000000,-11976.000000,-12.000000,2052.937715,309,10,2,29,9,88.857939,86.072423,2.785515,2.506964,28.133705,89.620511,0.947090,0.848787,3118150.890913,12408,37,0.947090,-83.569129,-0.000000,28
REDE_FISICA_SEM_LOJA93,W - LOUCAS E PIAS,WB - CUBAS E PIAS,500,50,10,2723950.323500,2687126.928500,2671904.658500,15222.270000,462,389,111,479,21,3.806496,0.000000,0.000000,0.000000,-5122.000000,-2.000000,752.728138,446,16,13,4,21,92.400000,89.200000,3.200000,4.200000,22.200000,98.648162,0.827358,0.816174,2723950.323500,5127,50,0.827358,-59.748272,0.000000,29
REDE_FISICA_SEM_LOJA93,M - MAQUINAS E MOTORES,MF - AGRICOLAS E JARDINAGEM,70,7,10,2426428.525500,2204675.991000,2183070.456000,21605.535000,63,60,10,69,1,16.441276,0.000000,0.000000,0.000000,-415.000000,-3.000000,158.844061,61,2,4,2,1,90.000000,87.142857,2.857143,1.428571,14.285714,90.860949,0.736990,0.669636,2426428.525500,1193,7,0.736990,-88.148414,0.000000,30
REDE_FISICA_SEM_LOJA93,N - INDUSTRIAL E NEGOCIOS,NB - REFRIGERACAO E CONSERVACAO INDUSTRIAL,231,25,10,1984128.121500,1947259.093500,1927185.403500,20073.690000,222,155,76,225,6,1.766667,0.000000,0.000000,0.000000,-686.000000,-1.000000,214.842391,218,4,2,1,6,96.103896,94.372294,1.731602,2.597403,32.900433,98.141802,0.602648,0.591450,1984128.121500,760,25,0.602648,18.143788,0.000000,31
REDE_FISICA_SEM_LOJA93,W - LOUCAS E PIAS,WA - BACIAS E CAIXAS,340,34,10,1828423.037000,1730379.287000,1720823.027000,9556.260000,310,263,77,327,13,6.572806,0.000000,0.000000,0.000000,-4081.000000,-2.000000,601.004947,301,9,9,8,13,91.176471,88.529412,2.647059,3.823529,22.647059,94.637797,0.555355,0.525576,1828423.037000,4134,34,0.555355,-80.984252,0.000000,32
REDE_FISICA_SEM_LOJA93,O - MOVEIS,OD - COZINHA E AREA DE SERVICO,461,48,10,1878952.827500,1625341.613000,1496903.177000,128438.436000,389,326,135,444,17,16.717278,0.000000,0.000000,0.000000,-1036.000000,0.000000,860.666374,365,24,28,27,17,84.381779,79.175705,5.206074,3.687636,29.284165,86.502524,0.570703,0.493673,1878952.827500,4144,48,0.570703,-63.318725,0.000000,33
REDE_FISICA_SEM_LOJA93,F - FERRAMENTAS,FD - ACABAMENTO ELETRICO,60,6,10,1505274.844250,1431766.223750,1395486.623750,36279.600000,56,38,22,60,0,19.212521,0.000000,0.000000,0.000000,-3513.000000,-1.000000,378.052602,55,1,1,3,0,93.333333,91.666667,1.666667,0.000000,36.666667,95.116598,0.457204,0.434877,1505274.844250,3074,6,0.457204,-78.142792,0.000000,34
REDE_FISICA_SEM_LOJA93,I - ILUMINACAO,IC - COMERCIAL,156,16,10,1351400.406471,1325083.206471,1322206.521471,2876.685000,137,127,29,143,13,7.364573,0.000000,0.000000,0.000000,-51433.000000,-36.000000,4589.035663,136,1,2,4,13,87.820513,87.179487,0.641026,8.333333,18.589744,98.052598,0.410467,0.402474,1351400.406471,6456,16,0.410467,-61.750778,-0.000000,35
REDE_FISICA_SEM_LOJA93,V - DECORACAO,VG - TAPETES,272,28,10,1303505.709773,1268282.504273,1246563.684773,21718.819500,262,241,31,272,0,11.909510,0.000000,0.000000,0.000000,-28387.000000,-26.000000,3109.609906,254,8,3,7,0,96.323529,93.382353,2.941176,0.000000,11.397059,97.297810,0.395920,0.385221,1303505.709773,14421,28,0.395920,-66.383761,0.000000,36
REDE_FISICA_SEM_LOJA93,O - MOVEIS,OE - BANHEIRO,80,8,10,1153251.844500,1153251.844500,1150729.219500,2522.625000,80,67,13,80,0,0.375000,0.000000,0.000000,0.000000,-1410.000000,-10.500000,142.690812,79,1,0,0,0,100.000000,98.750000,1.250000,0.000000,16.250000,100.000000,0.350283,0.350283,1153251.844500,1723,8,0.350283,-49.807190,0.000000,37
REDE_FISICA_SEM_LOJA93,N - INDUSTRIAL E NEGOCIOS,NA - COZINHA INDUSTRIAL,260,26,10,1146113.650500,1139511.880500,1137044.485500,2467.395000,249,191,69,253,7,1.488801,0.000000,0.000000,0.000000,-774.000000,-2.000000,244.670147,248,1,3,1,7,95.769231,95.384615,0.384615,2.692308,26.538462,99.423986,0.348114,0.346109,1146113.650500,861,26,0.348114,3.482673,0.000000,38
REDE_FISICA_SEM_LOJA93,B - UTILIDADES DOMESTICAS,BL - LAVANDERIA,88,9,10,1094158.956583,1089335.886583,1081607.561083,7728.325500,87,81,7,88,0,0.947201,0.000000,0.000000,0.000000,-19207.000000,-100.000000,1421.987504,85,2,1,0,0,98.863636,96.590909,2.272727,0.000000,7.954545,99.559198,0.332334,0.330869,1094158.956583,9831,9,0.332334,-84.059377,0.000000,39
REDE_FISICA_SEM_LOJA93,B - UTILIDADES DOMESTICAS,BK - HIGIENE E LIMPEZA,211,22,10,984830.707000,929120.531500,898331.801500,30788.730000,189,181,30,210,1,32.229090,0.000000,0.000000,0.000000,-15904.000000,-28.000000,1783.062354,177,12,6,15,1,89.573460,83.886256,5.687204,0.473934,14.218009,94.343172,0.299127,0.282206,984830.707000,14291,22,0.299127,-49.845560,0.000000,40
REDE_FISICA_SEM_LOJA93,V - DECORACAO,VA - OBJETOS PARA SALA E QUARTO,326,36,10,970803.470000,920147.816000,916405.196000,3742.620000,292,283,43,321,5,24.818374,0.000000,0.000000,0.000000,-17093.000000,-25.500000,2178.303573,288,4,2,27,5,89.570552,88.343558,1.226994,1.533742,13.190184,94.782090,0.294867,0.279481,970803.470000,9007,36,0.294867,-68.669470,0.000000,41
REDE_FISICA_SEM_LOJA93,E - MATERIAIS ELETRICOS,"EI - PROGRAMADORES, SENSORES E VARIADORES",20,2,10,900979.483523,882549.463523,882549.463523,0.000000,16,18,2,18,2,72.263010,0.000000,0.000000,0.000000,-12972.000000,-394.500000,862.600696,16,0,0,2,2,80.000000,80.000000,0.000000,10.000000,10.000000,97.954446,0.273659,0.268061,900979.483523,4422,2,0.273659,12.502340,-0.000000,42
REDE_FISICA_SEM_LOJA93,E - MATERIAIS ELETRICOS,"EC - CAIXAS, DUTOS E CALHAS ELETRICAS",150,15,10,885887.304840,878461.704840,871877.889840,6583.815000,133,127,23,140,10,9.968622,0.000000,0.000000,0.000000,-72009.000000,-196.000000,8254.552450,130,3,2,5,10,88.666667,86.666667,2.000000,6.666667,15.333333,99.161790,0.269075,0.266819,885887.304840,13323,15,0.269075,-75.573605,0.000000,43
REDE_FISICA_SEM_LOJA93,E - MATERIAIS ELETRICOS,EK - PROTECAO DE EQUIPAMENTOS ELETRICOS,29,3,10,853744.242156,853744.242156,853744.242156,0.000000,28,27,2,28,1,0.000000,0.000000,0.000000,0.000000,-16600.000000,-52.000000,1560.250458,28,0,0,0,1,96.551724,96.551724,0.000000,3.448276,6.896552,100.000000,0.259312,0.259312,853744.242156,4693,3,0.259312,-82.658867,0.000000,44
REDE_FISICA_SEM_LOJA93,S - TINTAS E QUIMICOS,SC - ADERENTES E VEDADORES,100,10,10,750562.916750,750479.756750,747507.521750,2972.235000,99,84,16,100,0,0.899539,0.000000,0.000000,0.000000,-16419.000000,-84.500000,1336.917000,97,2,1,0,0,99.000000,97.000000,2.000000,0.000000,16.000000,99.988920,0.227972,0.227947,750562.916750,8828,10,0.227972,-54.267952,0.000000,45
REDE_FISICA_SEM_LOJA93,A - AUTOMOTIVO,AD - LUBRIFICANTES E ADITIVOS,40,4,10,737055.500250,737055.500250,737055.500250,0.000000,40,28,12,40,0,0.000000,0.000000,0.000000,0.000000,-15214.000000,-42.000000,914.595222,40,0,0,0,0,100.000000,100.000000,0.000000,0.000000,30.000000,100.000000,0.223869,0.223869,737055.500250,3005,4,0.223869,-27.985586,0.000000,46
REDE_FISICA_SEM_LOJA93,O - MOVEIS,OF - ESCRITORIO,110,11,10,784056.602000,721618.037000,719510.267000,2107.770000,103,98,12,110,0,43.339140,0.000000,0.000000,0.000000,-824.000000,-6.500000,239.848972,101,2,0,7,0,93.636364,91.818182,1.818182,0.000000,10.909091,92.036472,0.238145,0.219180,784056.602000,1693,11,0.238145,-88.369589,0.000000,47
REDE_FISICA_SEM_LOJA93,D - ELETROS,DF - ELETROPORTATEIS PARA CASA,93,10,10,737821.547801,716877.649301,712308.259301,4569.390000,85,58,35,90,3,44.569664,0.000000,0.000000,0.000000,-4855.000000,-2.000000,756.058476,83,2,2,3,3,91.397849,89.247312,2.150538,3.225806,37.634409,97.161387,0.224102,0.217741,737821.547801,2280,10,0.224102,-70.304963,0.000000,48
REDE_FISICA_SEM_LOJA93,Q - BASICOS CONSTRUCAO,QJ - SUPORTES,180,18,10,669063.582250,667214.112250,665631.027250,1583.085000,176,161,19,179,1,2.384151,0.000000,0.000000,0.000000,-39799.000000,-133.500000,2912.182883,173,3,0,3,1,97.777778,96.111111,1.666667,0.555556,10.555556,99.723573,0.203218,0.202656,669063.582250,10728,18,0.203218,-5.579785,0.000000,49
REDE_FISICA_SEM_LOJA93,B - UTILIDADES DOMESTICAS,BE - ARMAZENAR,282,29,10,667022.994858,665380.553358,663431.333358,1949.220000,281,254,28,282,0,0.171979,0.000000,0.000000,0.000000,-20662.000000,-51.000000,2264.448243,280,1,1,0,0,99.645390,99.290780,0.354610,0.000000,9.929078,99.753765,0.202598,0.202099,667022.994858,11678,29,0.202598,-70.513303,0.000000,50
REDE_FISICA_SEM_LOJA93,N - INDUSTRIAL E NEGOCIOS,NC - PROCESSADORES INDUSTRIAIS,130,13,10,658228.620000,656337.885000,652358.700000,3979.185000,127,87,43,128,2,0.468750,0.000000,0.000000,0.000000,-561.000000,-2.000000,139.053896,126,1,1,0,2,97.692308,96.923077,0.769231,1.538462,33.076923,99.712754,0.199927,0.199353,658228.620000,629,13,0.199927,-13.794740,0.000000,51
REDE_FISICA_SEM_LOJA93,S - TINTAS E QUIMICOS,SF - SELADORES E VERNIZES,10,1,10,578857.562500,578857.562500,578857.562500,0.000000,10,9,1,10,0,0.000000,0.000000,0.000000,0.000000,-1864.000000,-110.000000,118.891939,10,0,0,0,0,100.000000,100.000000,0.000000,0.000000,10.000000,100.000000,0.175819,0.175819,578857.562500,1258,1,0.175819,-58.804388,0.000000,52
REDE_FISICA_SEM_LOJA93,"K - CAMA, MESA E BANHO",KB - MESA,194,20,10,610560.076750,576845.521750,558643.614250,18201.907500,188,177,17,194,0,7.383995,0.000000,0.000000,0.000000,-15064.000000,-35.000000,3294.181570,181,7,1,5,0,96.907216,93.298969,3.608247,0.000000,8.762887,94.478094,0.185448,0.175208,610560.076750,12183,20,0.185448,-82.149573,0.000000,53
REDE_FISICA_SEM_LOJA93,M - MAQUINAS E MOTORES,MJ - MARCENARIA,20,2,10,540657.904500,540657.904500,540657.904500,0.000000,20,12,8,20,0,0.000000,0.000000,0.000000,0.000000,-280.000000,-5.500000,19.848574,20,0,0,0,0,100.000000,100.000000,0.000000,0.000000,40.000000,100.000000,0.164217,0.164217,540657.904500,271,2,0.164217,33.158890,0.000000,54
REDE_FISICA_SEM_LOJA93,B - UTILIDADES DOMESTICAS,BH - ACESSORIOS PARA SERVIR - PRESENTES,293,31,10,512074.671850,494070.314850,483587.440350,10482.874500,272,245,48,289,4,12.670073,0.000000,0.000000,0.000000,-20712.000000,-32.000000,2482.686501,261,11,7,10,4,92.832765,89.078498,3.754266,1.365188,16.382253,96.484037,0.155535,0.150066,512074.671850,11891,31,0.155535,-66.088371,0.000000,55
REDE_FISICA_SEM_LOJA93,C - PISOS E REVESTIMENTOS,CB - NAO CERAMICOS,100,10,10,556203.298980,468061.338780,456945.618780,11115.720000,81,60,40,94,6,25.749074,0.000000,0.000000,0.000000,-3019.920000,0.000000,1034.478968,75,6,6,7,6,81.000000,75.000000,6.000000,6.000000,40.000000,84.152924,0.168938,0.142166,556203.298980,622,10,0.168938,-71.546678,0.000000,56
REDE_FISICA_SEM_LOJA93,V - DECORACAO,VC - OBJETOS PARA JARDIM,30,3,10,421659.241500,406867.891500,406867.891500,0.000000,29,27,3,30,0,12.727273,0.000000,0.000000,0.000000,-2353.000000,-51.500000,183.491342,29,0,0,1,0,96.666667,96.666667,0.000000,0.000000,10.000000,96.492108,0.128073,0.123580,421659.241500,1395,3,0.128073,-8.909996,0.000000,57
REDE_FISICA_SEM_LOJA93,"G - PORTAS, JANELAS E FECHADURAS",GA - PORTAS,177,18,10,420629.989500,379269.345000,366225.300000,13044.045000,155,119,58,166,11,9.731256,0.000000,0.000000,0.000000,-1336.000000,0.000000,307.486366,147,8,5,6,11,87.570621,83.050847,4.519774,6.214689,32.768362,90.166977,0.127760,0.115197,420629.989500,1768,18,0.127760,-81.280733,0.000000,58
REDE_FISICA_SEM_LOJA93,U - METAIS E ACESSORIOS,UD - REGISTROS E VALVULAS,90,9,10,372643.200000,345602.445000,345602.445000,0.000000,84,61,29,90,0,12.076241,0.000000,0.000000,0.000000,-9207.000000,-15.000000,657.131947,84,0,1,5,0,93.333333,93.333333,0.000000,0.000000,32.222222,92.743527,0.113185,0.104971,372643.200000,5369,9,0.113185,-71.304740,0.000000,59
REDE_FISICA_SEM_LOJA93,B - UTILIDADES DOMESTICAS,BF - UTENSILIOS PARA PREPARACAO,163,18,10,436515.852500,318509.040500,315286.065500,3222.975000,129,134,29,161,2,57.869037,0.000000,0.000000,0.000000,-5155.000000,-7.000000,1009.443577,125,4,6,26,2,79.141104,76.687117,2.453988,1.226994,17.791411,72.966202,0.132585,0.096742,436515.852500,9392,18,0.132585,-46.568955,0.000000,60
REDE_FISICA_SEM_LOJA93,"L - INFANTIL, LAZER E PETS",LH - PRAIA E PISCINA,50,5,10,301529.000500,286245.788500,286245.788500,0.000000,48,44,6,50,0,39.429102,0.000000,0.000000,0.000000,-2870.000000,-34.000000,268.180489,48,0,0,2,0,96.000000,96.000000,0.000000,0.000000,12.000000,94.931429,0.091585,0.086943,301529.000500,1915,5,0.091585,-45.707834,0.000000,61
REDE_FISICA_SEM_LOJA93,U - METAIS E ACESSORIOS,UE - BASES E ACABAMENTOS,30,3,10,295360.432500,274221.657500,274221.657500,0.000000,29,24,6,30,0,11.226230,0.000000,0.000000,0.000000,-2931.000000,-52.000000,348.163422,29,0,0,1,0,96.666667,96.666667,0.000000,0.000000,20.000000,92.843058,0.089711,0.083291,295360.432500,2011,3,0.089711,-79.747874,0.000000,62
REDE_FISICA_SEM_LOJA93,A - AUTOMOTIVO,AA - PNEUS,30,3,10,274737.424500,273829.279500,272866.534500,962.745000,28,19,11,29,1,5.172414,0.000000,0.000000,0.000000,-219.000000,-0.500000,54.797222,27,1,0,1,1,93.333333,90.000000,3.333333,3.333333,36.666667,99.669450,0.083447,0.083171,274737.424500,166,3,0.083447,-92.064933,0.000000,63
REDE_FISICA_SEM_LOJA93,"L - INFANTIL, LAZER E PETS",LF - MOVEIS INFANTIS,110,11,10,322148.295000,254252.775000,245910.630000,8342.145000,82,98,12,110,0,74.054182,0.000000,0.000000,29.478261,-94.000000,0.000000,228.307852,78,4,8,20,0,74.545455,70.909091,3.636364,0.000000,10.909091,78.924141,0.097848,0.077225,322148.295000,1552,11,0.097848,-58.818876,0.000000,64
REDE_FISICA_SEM_LOJA93,O - MOVEIS,OB - VARANDA E AREA EXTERNA,50,5,10,275444.305500,244735.281000,241413.501000,3321.780000,46,45,5,50,0,38.987550,0.000000,0.000000,0.000000,-590.000000,-7.500000,108.607500,45,1,0,4,0,92.000000,90.000000,2.000000,0.000000,10.000000,88.851095,0.083662,0.074335,275444.305500,888,5,0.083662,-43.082877,0.000000,65
REDE_FISICA_SEM_LOJA93,H - TUBOS E CONEXOES,HE - RALOS E GRELHAS,80,8,10,242085.851000,238295.141000,236939.486000,1355.655000,75,67,13,76,4,3.797932,0.000000,0.000000,0.000000,-5823.000000,-15.000000,442.260591,69,6,0,1,4,93.750000,86.250000,7.500000,5.000000,16.250000,98.434146,0.073530,0.072378,242085.851000,2945,8,0.073530,-62.445919,0.000000,66
REDE_FISICA_SEM_LOJA93,M - MAQUINAS E MOTORES,ME - LIMPEZA,50,5,10,244032.978000,231563.178000,204434.853000,27128.325000,46,31,19,47,3,4.787234,0.000000,0.000000,0.000000,-146.000000,0.000000,57.033000,39,7,1,0,3,92.000000,78.000000,14.000000,6.000000,38.000000,94.890117,0.074121,0.070334,244032.978000,257,5,0.074121,-64.254790,0.000000,67
REDE_FISICA_SEM_LOJA93,S - TINTAS E QUIMICOS,SE - IMPERMEABILIZANTES,40,4,10,211221.129000,211221.129000,211221.129000,0.000000,39,31,9,39,1,0.000000,0.000000,0.000000,0.000000,-799.000000,-13.500000,69.396175,39,0,0,0,1,97.500000,97.500000,0.000000,2.500000,22.500000,100.000000,0.064155,0.064155,211221.129000,749,4,0.064155,-31.267280,0.000000,68
REDE_FISICA_SEM_LOJA93,E - MATERIAIS ELETRICOS,EO - INSTRUMENTOS DE MEDICAO ELETRICA,20,2,10,205258.607750,205258.607750,205258.607750,0.000000,20,18,2,20,0,0.000000,0.000000,0.000000,0.000000,-5869.000000,-201.000000,339.742286,20,0,0,0,0,100.000000,100.000000,0.000000,0.000000,10.000000,100.000000,0.062344,0.062344,205258.607750,4288,2,0.062344,-35.247731,0.000000,69
REDE_FISICA_SEM_LOJA93,N - INDUSTRIAL E NEGOCIOS,NE - LIMPEZA E MANUTENCAO,50,5,10,283516.394000,199682.399000,199682.399000,0.000000,43,45,5,50,0,28.485759,0.000000,0.000000,0.000000,-6219.000000,-63.500000,857.715422,43,0,2,5,0,86.000000,86.000000,0.000000,0.000000,10.000000,70.430636,0.086114,0.060650,283516.394000,5486,5,0.086114,-74.856038,0.000000,70
REDE_FISICA_SEM_LOJA93,M - MAQUINAS E MOTORES,MA - BOMBAS E FILTROS,40,4,10,189359.331000,181349.091000,171902.556000,9446.535000,37,27,13,38,2,2.755735,0.000000,0.000000,0.000000,-322.000000,0.000000,70.886491,35,2,1,0,2,92.500000,87.500000,5.000000,5.000000,32.500000,95.769820,0.057515,0.055082,189359.331000,423,4,0.057515,-81.182549,-0.000000,71
REDE_FISICA_SEM_LOJA93,R - ELETRONICOS,RC - SOM,20,2,10,162392.401500,162392.401500,162392.401500,0.000000,20,20,0,20,0,0.000000,0.000000,0.000000,0.000000,-92.000000,-3.000000,29.561111,20,0,0,0,0,100.000000,100.000000,0.000000,0.000000,0.000000,100.000000,0.049324,0.049324,162392.401500,90,2,0.049324,125.415540,0.000000,72
REDE_FISICA_SEM_LOJA93,H - TUBOS E CONEXOES,HA - TUBOS E CONEXOES,150,15,10,160786.255000,159089.665000,141318.415000,17771.250000,135,43,107,138,12,2.597716,0.000000,0.000000,0.000000,-8915.000000,0.000000,623.441766,130,5,1,2,12,90.000000,86.666667,3.333333,8.000000,71.333333,98.944817,0.048836,0.048321,160786.255000,4064,15,0.048836,-41.966295,0.000000,73
REDE_FISICA_SEM_LOJA93,B - UTILIDADES DOMESTICAS,BC - SERVIR - PLASTICOS,134,15,10,159692.212750,149141.466250,149141.466250,0.000000,123,120,14,133,1,33.752712,0.000000,0.000000,0.000000,-7625.000000,-47.500000,1039.357917,123,0,1,9,1,91.791045,91.791045,0.000000,0.746269,10.447761,93.393074,0.048504,0.045299,159692.212750,6033,15,0.048504,-49.110445,0.000000,74
REDE_FISICA_SEM_LOJA93,I - ILUMINACAO,IE - ACESSORIOS E COMPONENTES,80,8,10,185192.285250,147392.049000,147392.049000,0.000000,64,55,25,74,6,20.384051,0.000000,0.000000,0.000000,-685.000000,-3.000000,263.419158,64,0,3,7,6,80.000000,80.000000,0.000000,7.500000,31.250000,79.588655,0.056249,0.044768,185192.285250,1271,8,0.056249,-41.085139,0.000000,75
REDE_FISICA_SEM_LOJA93,W - LOUCAS E PIAS,WC - TANQUES,40,4,10,135548.595000,135548.595000,133389.270000,2159.325000,40,35,5,40,0,0.375000,0.000000,0.000000,0.000000,-194.000000,-4.500000,50.936652,39,1,0,0,0,100.000000,97.500000,2.500000,0.000000,12.500000,100.000000,0.041171,0.041171,135548.595000,284,4,0.041171,-71.438473,0.000000,76
REDE_FISICA_SEM_LOJA93,A - AUTOMOTIVO,AC - MANUTENCAO E LIMPEZA,39,4,10,134474.060000,134474.060000,134474.060000,0.000000,38,35,4,38,1,0.000000,0.000000,0.000000,0.000000,-6197.000000,-87.000000,499.664435,38,0,0,0,1,97.435897,97.435897,0.000000,2.564103,10.256410,100.000000,0.040844,0.040844,134474.060000,4535,4,0.040844,-20.419903,0.000000,77
REDE_FISICA_SEM_LOJA93,E - MATERIAIS ELETRICOS,"EB - FIOS, CABOS E CONECTORES",60,6,10,134134.994000,131614.889000,130486.874000,1128.015000,53,47,13,56,4,22.855025,0.000000,0.000000,0.000000,-6959.000000,-85.000000,2785.883184,52,1,0,3,4,88.333333,86.666667,1.666667,6.666667,21.666667,98.121217,0.040741,0.039976,134134.994000,3653,6,0.040741,-32.965834,0.000000,78
REDE_FISICA_SEM_LOJA93,J - JARDINAGEM,JE - DECORACAO,10,1,10,136788.995000,129931.445000,129931.445000,0.000000,8,9,1,10,0,30.759271,0.000000,0.000000,0.000000,-2023.000000,-252.000000,141.831861,8,0,0,2,0,80.000000,80.000000,0.000000,0.000000,10.000000,94.986768,0.041548,0.039465,136788.995000,1486,1,0.041548,-68.068009,0.000000,79
REDE_FISICA_SEM_LOJA93,T - ARTIGOS DE EPOCA,TA - ILUMINACAO NATALINA,10,1,10,122798.564167,122798.564167,122798.564167,0.000000,10,6,4,10,0,0.000000,0.000000,0.000000,0.000000,-2490.000000,-274.500000,645.600000,10,0,0,0,0,100.000000,100.000000,0.000000,0.000000,40.000000,100.000000,0.037298,0.037298,122798.564167,289,1,0.037298,-99.402441,-0.000000,80
REDE_FISICA_SEM_LOJA93,M - MAQUINAS E MOTORES,MI - CONSTRUCAO CIVIL,10,1,10,142033.080000,117584.040000,104756.190000,12827.850000,7,9,1,10,0,36.000000,0.000000,0.000000,52.500000,-5.000000,0.000000,11.958333,6,1,2,1,0,70.000000,60.000000,10.000000,0.000000,10.000000,82.786376,0.043140,0.035714,142033.080000,39,1,0.043140,-73.502969,0.000000,81
REDE_FISICA_SEM_LOJA93,N - INDUSTRIAL E NEGOCIOS,ND - PESO E AFERICAO,20,2,10,101251.395000,101251.395000,101251.395000,0.000000,20,16,4,20,0,0.000000,0.000000,0.000000,0.000000,-66.000000,-2.000000,17.966667,20,0,0,0,0,100.000000,100.000000,0.000000,0.000000,20.000000,100.000000,0.030754,0.030754,101251.395000,68,2,0.030754,52.475271,0.000000,82
REDE_FISICA_SEM_LOJA93,"L - INFANTIL, LAZER E PETS",LA - BRINQUEDOS,68,7,10,104810.779500,100821.630000,99955.905000,865.725000,59,60,8,67,1,59.219510,0.000000,0.000000,0.000000,-2117.000000,-22.500000,475.154937,58,1,3,5,1,86.764706,85.294118,1.470588,1.470588,11.764706,96.193951,0.031835,0.030623,104810.779500,2314,7,0.031835,-80.567479,0.000000,83
REDE_FISICA_SEM_LOJA93,R - ELETRONICOS,RG - SEGURANCA,17,2,10,88881.730000,86374.960000,86374.960000,0.000000,14,13,4,15,2,5.000000,0.000000,0.000000,0.000000,-339.000000,-3.000000,41.565873,14,0,1,0,2,82.352941,82.352941,0.000000,11.764706,23.529412,97.179657,0.026996,0.026235,88881.730000,243,2,0.026996,170.020705,0.000000,84
REDE_FISICA_SEM_LOJA93,B - UTILIDADES DOMESTICAS,BG - ACESSORIOS PARA PREPARACAO,69,7,10,87083.580500,85465.425500,85465.425500,0.000000,68,58,11,69,0,2.244898,0.000000,0.000000,0.000000,-3830.000000,-35.000000,340.157320,68,0,0,1,0,98.550725,98.550725,0.000000,0.000000,15.942029,98.141837,0.026450,0.025959,87083.580500,2650,7,0.026450,-50.243083,0.000000,85
REDE_FISICA_SEM_LOJA93,Q - BASICOS CONSTRUCAO,QI - FIXACAO,30,3,10,85191.855000,82912.515000,76873.335000,6039.180000,28,26,4,30,0,15.831132,0.000000,0.000000,0.000000,-1646.000000,-19.500000,179.667880,26,2,0,2,0,93.333333,86.666667,6.666667,0.000000,13.333333,97.324463,0.025876,0.025183,85191.855000,1356,3,0.025876,1.250388,0.000000,86
REDE_FISICA_SEM_LOJA93,Y - EPI,YE - PROTECAO RESPIRATORIA,10,1,10,73582.103000,73582.103000,71645.609000,1936.494000,10,9,1,10,0,1.285714,0.000000,0.000000,0.000000,-4624.000000,-213.500000,317.156909,9,1,0,0,0,100.000000,90.000000,10.000000,0.000000,10.000000,100.000000,0.022349,0.022349,73582.103000,1622,1,0.022349,-66.148168,0.000000,87
REDE_FISICA_SEM_LOJA93,"L - INFANTIL, LAZER E PETS",LE - ENXOVAL,9,1,9,70573.492500,70573.492500,70573.492500,0.000000,9,9,0,9,0,0.000000,0.000000,0.000000,0.000000,-1048.000000,-116.000000,68.632886,9,0,0,0,0,100.000000,100.000000,0.000000,0.000000,0.000000,100.000000,0.021436,0.021436,70573.492500,682,1,0.021436,-56.523976,0.000000,88
REDE_FISICA_SEM_LOJA93,A - AUTOMOTIVO,AB - BATERIAS E CARREGADORES,10,1,10,67676.658000,67676.658000,67676.658000,0.000000,10,5,5,10,0,0.000000,0.000000,0.000000,0.000000,-116.000000,0.000000,10.031746,10,0,0,0,0,100.000000,100.000000,0.000000,0.000000,50.000000,100.000000,0.020556,0.020556,67676.658000,108,1,0.020556,-31.828203,0.000000,89
REDE_FISICA_SEM_LOJA93,A - AUTOMOTIVO,AP - VULCANIZADORES,10,1,10,58614.675000,58614.675000,56948.325000,1666.350000,10,5,5,10,0,2.000000,0.000000,0.000000,0.000000,-93.000000,0.000000,8.881868,9,1,0,0,0,100.000000,90.000000,10.000000,0.000000,50.000000,100.000000,0.017803,0.017803,58614.675000,94,1,0.017803,-7.198685,0.000000,90
REDE_FISICA_SEM_LOJA93,M - MAQUINAS E MOTORES,MH - SOLDAGEM,10,1,10,61396.555500,58237.210500,58237.210500,0.000000,8,8,2,10,0,18.000000,0.000000,0.000000,0.000000,-30.000000,-1.500000,11.785859,8,0,1,1,0,80.000000,80.000000,0.000000,0.000000,20.000000,94.854198,0.018648,0.017689,61396.555500,75,1,0.018648,-73.572114,0.000000,91
REDE_FISICA_SEM_LOJA93,H - TUBOS E CONEXOES,HB - CALHAS E ACESSORIOS,20,2,10,56218.501500,56218.501500,56218.501500,0.000000,20,4,16,20,0,0.000000,0.000000,0.000000,0.000000,-918.000000,0.000000,57.456140,20,0,0,0,0,100.000000,100.000000,0.000000,0.000000,80.000000,100.000000,0.017076,0.017076,56218.501500,695,2,0.017076,-59.107247,0.000000,92
REDE_FISICA_SEM_LOJA93,T - ARTIGOS DE EPOCA,TC - DECORACAO NATALINA,19,2,10,52868.996250,51585.686250,51585.686250,0.000000,18,18,1,19,0,25.870445,0.000000,0.000000,0.000000,-2822.000000,-119.000000,1351.866667,18,0,0,1,0,94.736842,94.736842,0.000000,0.000000,5.263158,97.572661,0.016058,0.015668,52868.996250,417,2,0.016058,-94.989314,0.000000,93
REDE_FISICA_SEM_LOJA93,J - JARDINAGEM,JA - PLANTAR,40,4,10,51638.853000,51186.303000,48500.823000,2685.480000,39,36,4,40,0,2.026923,0.000000,0.000000,0.000000,-626.000000,-11.000000,149.625617,37,2,1,0,0,97.500000,92.500000,5.000000,0.000000,10.000000,99.123625,0.015685,0.015547,51638.853000,1105,4,0.015685,-75.138280,0.000000,94
REDE_FISICA_SEM_LOJA93,A - AUTOMOTIVO,AO - VESTUARIOS PARA MOTOQUEIROS,40,4,10,48574.459500,48574.459500,48574.459500,0.000000,40,33,7,40,0,0.000000,0.000000,0.000000,0.000000,-86.000000,0.000000,42.766667,40,0,0,0,0,100.000000,100.000000,0.000000,0.000000,17.500000,100.000000,0.014754,0.014754,48574.459500,104,4,0.014754,31.619637,0.000000,95
REDE_FISICA_SEM_LOJA93,F - FERRAMENTAS,"FC - ACESSORIOS PARA GOLPE, PERFURACAO E FIXACAO",10,1,10,47149.893000,47149.893000,47149.893000,0.000000,9,8,2,9,1,0.000000,0.000000,0.000000,0.000000,-86.000000,-9.500000,11.544701,9,0,0,0,1,90.000000,90.000000,0.000000,10.000000,20.000000,100.000000,0.014321,0.014321,47149.893000,116,1,0.014321,-35.366559,0.000000,96
REDE_FISICA_SEM_LOJA93,W - LOUCAS E PIAS,WD - BANHEIRAS E ACESSORIOS,20,2,10,45221.505000,42628.110000,37514.715000,5113.395000,15,11,9,16,4,9.375000,0.000000,0.000000,0.000000,3.000000,0.000000,12.166667,13,2,1,0,4,75.000000,65.000000,10.000000,20.000000,45.000000,94.265129,0.013735,0.012948,45221.505000,20,2,0.013735,-35.325044,0.000000,97
REDE_FISICA_SEM_LOJA93,T - ARTIGOS DE EPOCA,TK - PASCOA,18,2,9,40938.340600,40938.340600,40938.340600,0.000000,18,17,1,18,0,0.000000,0.000000,0.000000,0.000000,-5889.000000,-331.500000,1522.383333,18,0,0,0,0,100.000000,100.000000,0.000000,0.000000,5.555556,100.000000,0.012434,0.012434,40938.340600,803,2,0.012434,40.391413,0.000000,98
REDE_FISICA_SEM_LOJA93,H - TUBOS E CONEXOES,HD - VEDACAO E TERMOFUSORES,10,1,10,40841.524500,40841.524500,40841.524500,0.000000,10,2,8,10,0,0.000000,0.000000,0.000000,0.000000,-352.000000,0.000000,22.374613,10,0,0,0,0,100.000000,100.000000,0.000000,0.000000,80.000000,100.000000,0.012405,0.012405,40841.524500,277,1,0.012405,-33.741364,0.000000,99
REDE_FISICA_SEM_LOJA93,F - FERRAMENTAS,FL - MEDICAO ELETRICA,10,1,10,39259.605000,39259.605000,38176.110000,1083.495000,9,8,2,9,1,4.761905,0.000000,0.000000,0.000000,-188.000000,-4.500000,28.153846,7,2,0,0,1,90.000000,70.000000,20.000000,10.000000,20.000000,100.000000,0.011925,0.011925,39259.605000,313,1,0.011925,-21.873020,-0.000000,100
REDE_FISICA_SEM_LOJA93,S - TINTAS E QUIMICOS,SD - ACESSORIOS PARA PINTURA,9,1,9,37286.350500,37286.350500,37286.350500,0.000000,9,9,0,9,0,0.000000,0.000000,0.000000,0.000000,-861.000000,-74.000000,115.630051,9,0,0,0,0,100.000000,100.000000,0.000000,0.000000,0.000000,100.000000,0.011325,0.011325,37286.350500,579,1,0.011325,-95.845042,0.000000,101
REDE_FISICA_SEM_LOJA93,F - FERRAMENTAS,FP - BANCADAS E ARMAZENAGEM DE FERRAMENTAS,10,1,10,32032.875000,32032.875000,31472.805000,560.070000,10,8,2,10,0,2.500000,0.000000,0.000000,0.000000,-243.000000,-24.500000,32.720280,9,1,0,0,0,100.000000,90.000000,10.000000,0.000000,20.000000,100.000000,0.009729,0.009729,32032.875000,286,1,0.009729,-84.967214,0.000000,102
REDE_FISICA_SEM_LOJA93,E - MATERIAIS ELETRICOS,EL - SINALIZACAO E SEGURANCA,10,1,10,30713.865000,28224.525000,28224.525000,0.000000,8,8,2,10,0,15.000000,0.000000,0.000000,0.000000,-26.000000,0.000000,9.261905,8,0,2,0,0,80.000000,80.000000,0.000000,0.000000,20.000000,91.895061,0.009329,0.008573,30713.865000,39,1,0.009329,-46.422459,0.000000,103
REDE_FISICA_SEM_LOJA93,F - FERRAMENTAS,FF - ACESSORIOS PARA ACABAMENTO,10,1,10,21375.900000,21375.900000,21375.900000,0.000000,10,9,1,10,0,0.000000,0.000000,0.000000,0.000000,-746.000000,-63.500000,48.213488,10,0,0,0,0,100.000000,100.000000,0.000000,0.000000,10.000000,100.000000,0.006493,0.006493,21375.900000,694,1,0.006493,-46.610559,0.000000,104
REDE_FISICA_SEM_LOJA93,M - MAQUINAS E MOTORES,MD - COMPRESSORES,10,1,10,19990.635000,19990.635000,15948.240000,4042.395000,10,4,6,10,0,3.000000,0.000000,0.000000,0.000000,-2.000000,0.000000,4.000000,9,1,0,0,0,100.000000,90.000000,10.000000,0.000000,60.000000,100.000000,0.006072,0.006072,19990.635000,5,1,0.006072,-75.391392,0.000000,105
REDE_FISICA_SEM_LOJA93,E - MATERIAIS ELETRICOS,EG - PLUGS E EXTENSOES ELETRICAS,20,2,10,17223.780000,16874.550000,15263.220000,1611.330000,17,18,2,19,1,22.149086,0.000000,0.000000,5.000000,-575.000000,-11.000000,64.179611,14,3,0,2,1,85.000000,70.000000,15.000000,5.000000,10.000000,97.972396,0.005231,0.005125,17223.780000,663,2,0.005231,-51.513506,0.000000,106
REDE_FISICA_SEM_LOJA93,"L - INFANTIL, LAZER E PETS",LB - ALIMENTACAO,9,1,9,12462.964500,12462.964500,12462.964500,0.000000,9,9,0,9,0,0.000000,0.000000,0.000000,0.000000,-193.000000,-24.000000,26.915152,9,0,0,0,0,100.000000,100.000000,0.000000,0.000000,0.000000,100.000000,0.003785,0.003785,12462.964500,167,1,0.003785,-79.990880,0.000000,107
REDE_FISICA_SEM_LOJA93,F - FERRAMENTAS,FG - CORTE ELETRICO,10,1,10,14593.897500,12041.200500,10668.010500,1373.190000,9,5,5,10,0,21.000000,0.000000,0.000000,0.000000,4.000000,0.000000,7.000000,8,1,0,1,0,90.000000,80.000000,10.000000,0.000000,50.000000,82.508463,0.004433,0.003657,14593.897500,20,1,0.004433,-84.633422,0.000000,108
REDE_FISICA_SEM_LOJA93,J - JARDINAGEM,JB - IRRIGACAO,20,2,10,10868.865000,10784.970000,9656.535000,1128.435000,19,18,2,20,0,8.196429,0.000000,0.000000,0.000000,-348.000000,-9.000000,70.314286,16,3,1,0,0,95.000000,80.000000,15.000000,0.000000,10.000000,99.228116,0.003301,0.003276,10868.865000,452,2,0.003301,-91.389929,0.000000,109
REDE_FISICA_SEM_LOJA93,"L - INFANTIL, LAZER E PETS",LK - FITNESS,10,1,10,10535.413000,10535.413000,10535.413000,0.000000,10,9,1,10,0,0.000000,0.000000,0.000000,0.000000,-1139.000000,-109.500000,74.596189,10,0,0,0,0,100.000000,100.000000,0.000000,0.000000,10.000000,100.000000,0.003200,0.003200,10535.413000,743,1,0.003200,-71.658651,0.000000,110
REDE_FISICA_SEM_LOJA93,A - AUTOMOTIVO,"AN - ASSENTOS, CADEIRAS E ENCOSTOS",10,1,10,13900.740000,8605.800000,8605.800000,0.000000,6,5,5,8,2,21.988636,0.000000,0.000000,10.227273,8.000000,0.000000,10.088889,6,0,1,1,2,60.000000,60.000000,0.000000,20.000000,50.000000,61.908934,0.004222,0.002614,13900.740000,37,1,0.004222,-79.071212,0.000000,111
REDE_FISICA_SEM_LOJA93,Y - EPI,YC - PROTECAO PARA O CORPO,10,1,10,12681.595500,8445.990000,8445.990000,0.000000,7,9,1,10,0,42.016901,0.000000,0.000000,31.500000,-87.000000,-5.000000,27.954699,7,0,2,1,0,70.000000,70.000000,0.000000,0.000000,10.000000,66.600374,0.003852,0.002565,12681.595500,195,1,0.003852,-41.076490,0.000000,112
REDE_FISICA_SEM_LOJA93,F - FERRAMENTAS,FJ - FERRAMENTAS MANUAIS,10,1,10,7952.910000,6216.000000,6216.000000,0.000000,8,7,3,10,0,72.557875,0.000000,0.000000,0.000000,16.000000,0.000000,15.992045,8,0,0,2,0,80.000000,80.000000,0.000000,0.000000,30.000000,78.160070,0.002416,0.001888,7952.910000,213,1,0.002416,-19.957689,0.000000,113
REDE_FISICA_SEM_LOJA93,"L - INFANTIL, LAZER E PETS",LM - BELEZA,6,1,6,5929.350000,5929.350000,5929.350000,0.000000,6,6,0,6,0,0.000000,0.000000,0.000000,0.000000,-590.000000,-99.000000,98.533333,6,0,0,0,0,100.000000,100.000000,0.000000,0.000000,0.000000,100.000000,0.001801,0.001801,5929.350000,279,1,0.001801,-87.755913,0.000000,114
REDE_FISICA_SEM_LOJA93,N - INDUSTRIAL E NEGOCIOS,NH - DESCARTAVEIS,10,1,10,8525.349000,5768.364000,5536.314000,232.050000,7,8,2,10,0,87.812952,0.000000,0.000000,55.390244,28.000000,0.000000,25.838702,6,1,2,1,0,70.000000,60.000000,10.000000,0.000000,20.000000,67.661324,0.002589,0.001752,8525.349000,301,1,0.002589,-67.986147,0.000000,115
REDE_FISICA_SEM_LOJA93,T - ARTIGOS DE EPOCA,TH - ESCOLAR,10,1,10,4429.215000,4429.215000,4429.215000,0.000000,10,9,1,10,0,0.000000,0.000000,0.000000,0.000000,-283.000000,-24.000000,30.571459,10,0,0,0,0,100.000000,100.000000,0.000000,0.000000,10.000000,100.000000,0.001345,0.001345,4429.215000,285,1,0.001345,-87.628866,0.000000,116
REDE_FISICA_SEM_LOJA93,R - ELETRONICOS,RE - INFORMATICA,10,1,10,4290.720000,4290.720000,4290.720000,0.000000,10,9,1,10,0,0.000000,0.000000,0.000000,0.000000,-96.000000,-8.000000,15.028571,10,0,0,0,0,100.000000,100.000000,0.000000,0.000000,10.000000,100.000000,0.001303,0.001303,4290.720000,81,1,0.001303,-87.656018,0.000000,117
REDE_FISICA_SEM_LOJA93,B - UTILIDADES DOMESTICAS,BI - ACESSORIOS PARA SERVIR - PLASTICOS,20,2,10,3406.431000,2529.975000,2350.635000,179.340000,17,9,11,20,0,13.258460,0.000000,0.000000,0.000000,-29.000000,0.000000,31.166134,16,1,2,1,0,85.000000,80.000000,5.000000,0.000000,55.000000,74.270549,0.001035,0.000768,3406.431000,218,2,0.001035,-29.413188,0.000000,118
REDE_FISICA_SEM_LOJA93,"G - PORTAS, JANELAS E FECHADURAS",GB - JANELAS,10,1,10,2391.480000,2391.480000,439.740000,1951.740000,10,3,7,10,0,1.250000,0.000000,0.000000,0.000000,0.000000,0.000000,4.400000,9,1,0,0,0,100.000000,90.000000,10.000000,0.000000,70.000000,100.000000,0.000726,0.000726,2391.480000,12,1,0.000726,-71.893807,0.000000,119
REDE_FISICA_SEM_LOJA93,A - AUTOMOTIVO,AG - ACESSORIOS AUTOMOTIVOS,10,1,10,2377.515000,1107.015000,650.370000,456.645000,6,6,4,8,2,30.562500,26.250000,0.000000,40.500000,20.000000,1.000000,8.121212,3,3,2,0,2,60.000000,30.000000,30.000000,20.000000,40.000000,46.561851,0.000722,0.000336,2377.515000,50,1,0.000722,-43.992008,0.000000,120
REDE_FISICA_SEM_LOJA93,Q - BASICOS CONSTRUCAO,QD - TIJOLOS E BLOCOS,10,1,10,4205.134500,217.035000,217.035000,0.000000,8,3,7,9,1,5.578801,0.000000,0.000000,0.000000,30.000000,0.000000,16.950000,8,0,1,0,1,80.000000,80.000000,0.000000,10.000000,70.000000,5.161190,0.001277,0.000066,4205.134500,73,1,0.001277,-48.155254,0.000000,121
